Workbook
Name AA_Goodnews: Summary!$Y$17:$Y$21
Name AA_Heritage: Summary!$Y$23:$Y$26
Name AA_Love: Summary!$Y$7:$Y$10
Name AA_Maranatha: Summary!$Y$12:$Y$15
Name AA_Oyigbo: Summary!$Y$28:$Y$36
Name AA_Revival: Summary!$Y$38:$Y$50
Name AA_Zone: Summary!$Y$51,Summary!$Y$37,Summary!$Y$27,Summary!$Y$22,Summary!$Y$16,Summary!$Y$11
Name AD_Goodnews: Summary!$AA$17:$AA$21
Name AD_Heritage: Summary!$AA$23:$AA$26
Name AD_Love: Summary!$AA$7:$AA$10
Name AD_Maranatha: Summary!$AA$12:$AA$15
Name AD_Oyigbo: Summary!$AA$28:$AA$36
Name AD_Revival: Summary!$AA$38:$AA$50
Name AD_Zone: Summary!$AA$11,Summary!$AA$16,Summary!$AA$22,Summary!$AA$27,Summary!$AA$38,Summary!$AA$37,Summary!$AA$51
Name AE_Goodnews: Summary!$AC$17:$AC$21
Name AE_Heritage: Summary!$AC$23:$AC$26
Name AE_Love: Summary!$AC$7:$AC$10
Name AE_Maranatha: Summary!$AC$12:$AC$15
Name AE_Oyigbo: Summary!$AC$28:$AC$36
Name AE_Revival: Summary!$AC$38:$AC$50
Name AE_Zone: Summary!$AC$51,Summary!$AC$37,Summary!$AC$27,Summary!$AC$22,Summary!$AC$16,Summary!$AC$11
Name AF_Goodnews: Summary!$AD$17:$AD$21
Name AF_Heritage: Summary!$AD$23:$AD$26
Name AF_Love: Summary!$AD$7:$AD$10
Name AF_Maranatha: Summary!$AD$12:$AD$15
Name AF_Oyigbo: Summary!$AD$28:$AD$36
Name AF_Revival: Summary!$AD$38:$AD$50
Name AF_Zone: Summary!$AD$51,Summary!$AD$37,Summary!$AD$27,Summary!$AD$22,Summary!$AD$16,Summary!$AD$11
Name AG_Goodnews: Summary!$AE$17:$AE$21
Name AG_Heritage: Summary!$AE$23:$AE$26
Name AG_Love: Summary!$AE$7:$AE$10
Name AG_Maranatha: Summary!$AE$12:$AE$15
Name AG_Oyigbo: Summary!$AE$28:$AE$36
Name AG_Revival: Summary!$AE$38:$AE$50
Name AG_Zone: Summary!$AE$51,Summary!$AE$37,Summary!$AE$27,Summary!$AE$22,Summary!$AE$16,Summary!$AE$11
Name AL_Goodnews: Summary!$AJ$17:$AJ$21
Name AL_Heritage: Summary!$AJ$23:$AJ$26
Name AL_Love: Summary!$AJ$7:$AJ$10
Name AL_Maranatha: Summary!$AJ$12:$AJ$15
Name AL_Oyigbo: Summary!$AJ$28:$AJ$36
Name AL_Revival: Summary!$AJ$38:$AJ$50
Name AL_Zone: Summary!$AJ$11,Summary!$AJ$16,Summary!$AJ$22,Summary!$AJ$27,Summary!$AJ$37,Summary!$AJ$51
Name AM_Goodnews: Summary!$AK$17:$AK$21
Name AM_Heritage: Summary!$AK$23:$AK$26
Name AM_Love: Summary!$AK$7:$AK$10
Name AM_Maranatha: Summary!$AK$12:$AK$15
Name AM_Oyigbo: Summary!$AK$28:$AK$36
Name AM_Revival: Summary!$AK$38:$AK$50
Name AM_Zone: Summary!$AK$51,Summary!$AK$37,Summary!$AK$27,Summary!$AK$22,Summary!$AK$16,Summary!$AK$11
Name AN_Goodnews: Summary!$AL$17:$AL$21
Name AN_Heritage: Summary!$AL$23:$AL$26
Name AN_Love: Summary!$AL$7:$AL$10
Name AN_Maranatha: Summary!$AL$12:$AL$15
Name AN_Oyigbo: Summary!$AL$28:$AL$36
Name AN_Revival: Summary!$AL$38:$AL$50
Name AN_Zone: Summary!$AL$11,Summary!$AL$16,Summary!$AL$22,Summary!$AL$27,Summary!$AL$37,Summary!$AL$51
Name AO_Goodnews: Summary!$AM$17:$AM$21
Name AO_Heritage: Summary!$AM$23:$AM$26
Name AO_Love: Summary!$AM$7:$AM$10
Name AO_Maranatha: Summary!$AM$12:$AM$15

Sheet Summary
A4: JANUARY, 2024 | F4: Monthly Totals | S4: Monthly Ranking
A5: Zones | B5: Location | C5: Pst Phone Number | D5: Pastor Name | E5: Church Name | F5: Attendance | N5: Income | P5: Allocations | R5: Attendance to Programmes
F6: Male | G6: Female | H6: Children | I6: Total | J6: Visitors' Volume | K6: Visitors' Retention Rate | L6: Members' Backdoor Rate | M6: Target Compliance Rate | N6: Total | O6: Income per Member | P6: Total | Q6: COT [Cut Off Date] | S6: Visitors' Volume | T6: Visitors' Retention Rate | U6: Members' Backdoor Rate | V6: Target Compliance Rate | W6: Income per Member (₦) | X6: Total Allocations | Y6: Cut Off Date (COD) | Z6: Attendance to Programmes | AA6: Aggregate | AB6: Position
A7: Love [Pst. Paulinus Nsirim] | B7: Rumuomasi | C7: 8162286241 | D7: Pst. Daniel Chukwuma | E7: Rehoboth | F7: =ROUNDDOWN(SUM('WK1:WK5'!B6)/MAX(1,INDEX(FREQUENCY('WK1:WK5'!B6,0),2)),0) -> 86 | G7: =ROUNDDOWN(SUM('WK1:WK5'!C6)/MAX(1,INDEX(FREQUENCY('WK1:WK5'!C6,0),2)),0) -> 89 | H7: =ROUNDDOWN(SUM('WK1:WK5'!D6)/MAX(1,INDEX(FREQUENCY('WK1:WK5'!D6,0),2)),0) -> 76 | I7: =SUM(F7:H7) -> 251 | J7: =SUM('WK1:WK5'!O6) -> 6 | K7: =IF(AND((SUM([1]Summary!J7,J7)>0),[1]Summary!I7>0),(I7-(([1]Summary!I7-[1]Summary!J7)-(L7*([1]Summary!I7-[1]Summary!J7))))/(IF(SUM([1]Summary!J7,J7)>0,[1]Summary!J7+J7,0)),0%) -> 0.75 | L7: =IF(([1]Summary!I7)>0,(([1]Summary!I7-[1]Summary!J7)-(I7-J7))/(([1]Summary!I7-[1]Summary!J7)),100%) -> -0.16666667 | M7: =IF(I7=0,0%,IF((I7-[2]Sheet1!$G3+([2]Sheet1!$J3/12*1))=0, 0%,(I7-[2]Sheet1!$G3+([2]Sheet1!$J3/12*1))/([2]Sheet1!$G3+([2]Sheet1!$J3/12*1)))) -> -0.19000761 | N7: =SUM('WK1:WK5'!M6) -> 324340 | O7: =(SUM('WK1:WK5'!M6)/MAX(1,INDEX(FREQUENCY('WK1:WK5'!M6,0),2)))/IF(F7+G7>0,F7+G7,"1") -> 463.34286 | P7: =SUM(IF(SUM('WK1:WK5'!J6)>0,SUM('WK1:WK5'!T6)/((SUM('WK1:WK5'!J6)+SUM('WK1:WK5'!K6)+SUM('WK1:WK5'!P6))*0.3),0%),IF(SUM('WK1:WK5'!J6)>0,SUM('WK1:WK5'!U6)/((SUM('WK1:WK5'!J6)+SUM('WK1:WK5'!K6)+SUM('WK1:WK5'!P6))*0.1),0%),IF(SUM('WK1:WK5'!J6)>0,SUM('WK1:WK5'!V6)/((SUM('WK1:WK5'!J6)+SUM('WK1:WK5'!K6)+SUM('WK1:WK5'!P6))*0.3),0%)) -> 0 | Q7: =SUM('WK1:WK5'!Z6)/MAX(1,INDEX(FREQUENCY('WK1:WK5'!Z6,0),2)) -> 0 | R7: =IF(I7>0,SUM('WK1:WK5'!AE6)/MAX(1,INDEX(FREQUENCY('WK1:WK5'!AE6,0),2))/I7,0) -> 0 | S7: =RANK($J7,(J_Love,J_Maranatha,J_Goodnews,J_Heritage,J_Oyigbo,J_Revival)) -> 6 | T7: =RANK($K7,(K_Love,K_Maranatha,K_Goodnews,K_Heritage,K_Oyigbo,K_Revival)) -> 5 | U7: =RANK($L7,(L_Love,L_Maranatha,L_Goodnews,L_Heritage,L_Oyigbo,L_Revival),1) -> 13 | V7: =RANK($M7,(M_Love,M_Maranatha,M_Goodnews,M_Heritage,M_Oyigbo,M_Revival)) -> 31 | W7: =RANK($O7,(O_Love,O_Maranatha,O_Goodnews,O_Heritage,O_Oyigbo,O_Revival)) -> 10 | X7: =RANK($P7,(P_Love,P_Maranatha,P_Goodnews,P_Heritage,P_Oyigbo,P_Revival)) -> 1 | Y7: =RANK($Q7,(Q_Love,Q_Maranatha,Q_Goodnews,Q_Heritage,Q_Oyigbo,Q_Revival)) -> 1 | Z7: =RANK($R7,(R_Love,R_Maranatha,R_Goodnews,R_Heritage,R_Oyigbo,R_Revival)) -> 1 | AA7: =SUM(S7:Z7) -> 68 | AB7: =RANK(AA7,(AD_Love,AD_Maranatha,AD_Goodnews,AD_Heritage,AD_Oyigbo,AD_Revival),1) -> 11
B8: Woji | C8: 8037060592 | D8: Pst. Ikechukwu Uzoma | E8: Love International | F8: =ROUNDDOWN(SUM('WK1:WK5'!B7)/MAX(1,INDEX(FREQUENCY('WK1:WK5'!B7,0),2)),0) -> 82 | G8: =ROUNDDOWN(SUM('WK1:WK5'!C7)/MAX(1,INDEX(FREQUENCY('WK1:WK5'!C7,0),2)),0) -> 105 | H8: =ROUNDDOWN(SUM('WK1:WK5'!D7)/MAX(1,INDEX(FREQUENCY('WK1:WK5'!D7,0),2)),0) -> 81 | I8: =SUM(F8:H8) -> 268 | J8: =SUM('WK1:WK5'!O7) -> 9 | K8: =IF(AND((SUM([1]Summary!J8,J8)>0),[1]Summary!I8>0),(I8-(([1]Summary!I8-[1]Summary!J8)-(L8*([1]Summary!I8-[1]Summary!J8))))/(IF(SUM([1]Summary!J8,J8)>0,[1]Summary!J8+J8,0)),0%) -> 0.36 | L8: =IF(([1]Summary!I8)>0,(([1]Summary!I8-[1]Summary!J8)-(I8-J8))/(([1]Summary!I8-[1]Summary!J8)),100%) -> -0.35602094 | M8: =IF(I8=0,0%,IF((I8-[2]Sheet1!$G4+([2]Sheet1!$J4/12*1))=0, 0%,(I8-[2]Sheet1!$G4+([2]Sheet1!$J4/12*1))/([2]Sheet1!$G4+([2]Sheet1!$J4/12*1)))) -> 0.023037228 | N8: =SUM('WK1:WK5'!M7) -> 266420 | O8: =(SUM('WK1:WK5'!M7)/MAX(1,INDEX(FREQUENCY('WK1:WK5'!M7,0),2)))/IF(F8+G8>0,F8+G8,"1") -> 356.17647 | P8: =SUM(IF(SUM('WK1:WK5'!J7)>0,SUM('WK1:WK5'!T7)/((SUM('WK1:WK5'!J7)+SUM('WK1:WK5'!K7)+SUM('WK1:WK5'!P7))*0.3),0%),IF(SUM('WK1:WK5'!J7)>0,SUM('WK1:WK5'!U7)/((SUM('WK1:WK5'!J7)+SUM('WK1:WK5'!K7)+SUM('WK1:WK5'!P7))*0.1),0%),IF(SUM('WK1:WK5'!J7)>0,SUM('WK1:WK5'!V7)/((SUM('WK1:WK5'!J7)+SUM('WK1:WK5'!K7)+SUM('WK1:WK5'!P7))*0.3),0%)) -> 0 | Q8: =SUM('WK1:WK5'!Z7)/MAX(1,INDEX(FREQUENCY('WK1:WK5'!Z7,0),2)) -> 0 | R8: =IF(I8>0,SUM('WK1:WK5'!AE7)/MAX(1,INDEX(FREQUENCY('WK1:WK5'!AE7,0),2))/I8,0) -> 0 | S8: =RANK($J8,(J_Love,J_Maranatha,J_Goodnews,J_Heritage,J_Oyigbo,J_Revival)) -> 5 | T8: =RANK($K8,(K_Love,K_Maranatha,K_Goodnews,K_Heritage,K_Oyigbo,K_Revival)) -> 9 | U8: =RANK($L8,(L_Love,L_Maranatha,L_Goodnews,L_Heritage,L_Oyigbo,L_Revival),1) -> 5 | V8: =RANK($M8,(M_Love,M_Maranatha,M_Goodnews,M_Heritage,M_Oyigbo,M_Revival)) -> 9 | W8: =RANK($O8,(O_Love,O_Maranatha,O_Goodnews,O_Heritage,O_Oyigbo,O_Revival)) -> 13 | X8: =RANK($P8,(P_Love,P_Maranatha,P_Goodnews,P_Heritage,P_Oyigbo,P_Revival)) -> 1 | Y8: =RANK($Q8,(Q_Love,Q_Maranatha,Q_Goodnews,Q_Heritage,Q_Oyigbo,Q_Revival)) -> 1 | Z8: =RANK($R8,(R_Love,R_Maranatha,R_Goodnews,R_Heritage,R_Oyigbo,R_Revival)) -> 1 | AA8: =SUM(S8:Z8) -> 44 | AB8: =RANK(AA8,(AD_Love,AD_Maranatha,AD_Goodnews,AD_Heritage,AD_Oyigbo,AD_Revival),1) -> 1
B9: Oginigba | C9: 8033381017 | D9: Pst. Vincent Ameh | E9: Throne of Greatness | F9: =ROUNDDOWN(SUM('WK1:WK5'!B8)/MAX(1,INDEX(FREQUENCY('WK1:WK5'!B8,0),2)),0) -> 3 | G9: =ROUNDDOWN(SUM('WK1:WK5'!C8)/MAX(1,INDEX(FREQUENCY('WK1:WK5'!C8,0),2)),0) -> 7 | H9: =ROUNDDOWN(SUM('WK1:WK5'!D8)/MAX(1,INDEX(FREQUENCY('WK1:WK5'!D8,0),2)),0) -> 1 | I9: =SUM(F9:H9) -> 11 | J9: =SUM('WK1:WK5'!O8) -> 0 | K9: =IF(AND((SUM([1]Summary!J9,J9)>0),[1]Summary!I9>0),(I9-(([1]Summary!I9-[1]Summary!J9)-(L9*([1]Summary!I9-[1]Summary!J9))))/(IF(SUM([1]Summary!J9,J9)>0,[1]Summary!J9+J9,0)),0%) -> 0 | L9: =IF(([1]Summary!I9)>0,(([1]Summary!I9-[1]Summary!J9)-(I9-J9))/(([1]Summary!I9-[1]Summary!J9)),100%) -> 0.15384615 | M9: =IF(I9=0,0%,IF((I9-[2]Sheet1!$G5+([2]Sheet1!$J5/12*1))=0, 0%,(I9-[2]Sheet1!$G5+([2]Sheet1!$J5/12*1))/([2]Sheet1!$G5+([2]Sheet1!$J5/12*1)))) -> -0.12111618 | N9: =SUM('WK1:WK5'!M8) -> 13400 | O9: =(SUM('WK1:WK5'!M8)/MAX(1,INDEX(FREQUENCY('WK1:WK5'!M8,0),2)))/IF(F9+G9>0,F9+G9,"1") -> 335 | P9: =SUM(IF(SUM('WK1:WK5'!J8)>0,SUM('WK1:WK5'!T8)/((SUM('WK1:WK5'!J8)+SUM('WK1:WK5'!K8)+SUM('WK1:WK5'!P8))*0.3),0%),IF(SUM('WK1:WK5'!J8)>0,SUM('WK1:WK5'!U8)/((SUM('WK1:WK5'!J8)+SUM('WK1:WK5'!K8)+SUM('WK1:WK5'!P8))*0.1),0%),IF(SUM('WK1:WK5'!J8)>0,SUM('WK1:WK5'!V8)/((SUM('WK1:WK5'!J8)+SUM('WK1:WK5'!K8)+SUM('WK1:WK5'!P8))*0.3),0%)) -> 0 | Q9: =SUM('WK1:WK5'!Z8)/MAX(1,INDEX(FREQUENCY('WK1:WK5'!Z8,0),2)) -> 0 | R9: =IF(I9>0,SUM('WK1:WK5'!AE8)/MAX(1,INDEX(FREQUENCY('WK1:WK5'!AE8,0),2))/I9,0) -> 0 | S9: =RANK($J9,(J_Love,J_Maranatha,J_Goodnews,J_Heritage,J_Oyigbo,J_Revival)) -> 17 | T9: =RANK($K9,(K_Love,K_Maranatha,K_Goodnews,K_Heritage,K_Oyigbo,K_Revival)) -> 17 | U9: =RANK($L9,(L_Love,L_Maranatha,L_Goodnews,L_Heritage,L_Oyigbo,L_Revival),1) -> 26 | V9: =RANK($M9,(M_Love,M_Maranatha,M_Goodnews,M_Heritage,M_Oyigbo,M_Revival)) -> 27 | W9: =RANK($O9,(O_Love,O_Maranatha,O_Goodnews,O_Heritage,O_Oyigbo,O_Revival)) -> 16 | X9: =RANK($P9,(P_Love,P_Maranatha,P_Goodnews,P_Heritage,P_Oyigbo,P_Revival)) -> 1 | Y9: =RANK($Q9,(Q_Love,Q_Maranatha,Q_Goodnews,Q_Heritage,Q_Oyigbo,Q_Revival)) -> 1 | Z9: =RANK($R9,(R_Love,R_Maranatha,R_Goodnews,R_Heritage,R_Oyigbo,R_Revival)) -> 1 | AA9: =SUM(S9:Z9) -> 106 | AB9: =RANK(AA9,(AD_Love,AD_Maranatha,AD_Goodnews,AD_Heritage,AD_Oyigbo,AD_Revival),1) -> 25
B10: Rumuigbo | C10: 8064733165 | D10: Pst. Anslem Sunkle | E10: Shekinar Glory | F10: =ROUNDDOWN(SUM('WK1:WK5'!B9)/MAX(1,INDEX(FREQUENCY('WK1:WK5'!B9,0),2)),0) -> 11 | G10: =ROUNDDOWN(SUM('WK1:WK5'!C9)/MAX(1,INDEX(FREQUENCY('WK1:WK5'!C9,0),2)),0) -> 10 | H10: =ROUNDDOWN(SUM('WK1:WK5'!D9)/MAX(1,INDEX(FREQUENCY('WK1:WK5'!D9,0),2)),0) -> 6 | I10: =SUM(F10:H10) -> 27 | J10: =SUM('WK1:WK5'!O9) -> 0 | K10: =IF(AND((SUM([1]Summary!J10,J10)>0),[1]Summary!I10>0),(I10-(([1]Summary!I10-[1]Summary!J10)-(L10*([1]Summary!I10-[1]Summary!J10))))/(IF(SUM([1]Summary!J10,J10)>0,[1]Summary!J10+J10,0)),0%) -> 0 | L10: =IF(([1]Summary!I10)>0,(([1]Summary!I10-[1]Summary!J10)-(I10-J10))/(([1]Summary!I10-[1]Summary!J10)),100%) -> -1.0769231 | M10: =IF(I10=0,0%,IF((I10-[2]Sheet1!$G6+([2]Sheet1!$J6/12*1))=0, 0%,(I10-[2]Sheet1!$G6+([2]Sheet1!$J6/12*1))/([2]Sheet1!$G6+([2]Sheet1!$J6/12*1)))) -> 0.089134566 | N10: =SUM('WK1:WK5'!M9) -> 25400 | O10: =(SUM('WK1:WK5'!M9)/MAX(1,INDEX(FREQUENCY('WK1:WK5'!M9,0),2)))/IF(F10+G10>0,F10+G10,"1") -> 302.38095 | P10: =SUM(IF(SUM('WK1:WK5'!J9)>0,SUM('WK1:WK5'!T9)/((SUM('WK1:WK5'!J9)+SUM('WK1:WK5'!K9)+SUM('WK1:WK5'!P9))*0.3),0%),IF(SUM('WK1:WK5'!J9)>0,SUM('WK1:WK5'!U9)/((SUM('WK1:WK5'!J9)+SUM('WK1:WK5'!K9)+SUM('WK1:WK5'!P9))*0.1),0%),IF(SUM('WK1:WK5'!J9)>0,SUM('WK1:WK5'!V9)/((SUM('WK1:WK5'!J9)+SUM('WK1:WK5'!K9)+SUM('WK1:WK5'!P9))*0.3),0%)) -> 0 | Q10: =SUM('WK1:WK5'!Z9)/MAX(1,INDEX(FREQUENCY('WK1:WK5'!Z9,0),2)) -> 0 | R10: =IF(I10>0,SUM('WK1:WK5'!AE9)/MAX(1,INDEX(FREQUENCY('WK1:WK5'!AE9,0),2))/I10,0) -> 0 | S10: =RANK($J10,(J_Love,J_Maranatha,J_Goodnews,J_Heritage,J_Oyigbo,J_Revival)) -> 17 | T10: =RANK($K10,(K_Love,K_Maranatha,K_Goodnews,K_Heritage,K_Oyigbo,K_Revival)) -> 17 | U10: =RANK($L10,(L_Love,L_Maranatha,L_Goodnews,L_Heritage,L_Oyigbo,L_Revival),1) -> 1 | V10: =RANK($M10,(M_Love,M_Maranatha,M_Goodnews,M_Heritage,M_Oyigbo,M_Revival)) -> 6 | W10: =RANK($O10,(O_Love,O_Maranatha,O_Goodnews,O_Heritage,O_Oyigbo,O_Revival)) -> 18 | X10: =RANK($P10,(P_Love,P_Maranatha,P_Goodnews,P_Heritage,P_Oyigbo,P_Revival)) -> 1 | Y10: =RANK($Q10,(Q_Love,Q_Maranatha,Q_Goodnews,Q_Heritage,Q_Oyigbo,Q_Revival)) -> 1 | Z10: =RANK($R10,(R_Love,R_Maranatha,R_Goodnews,R_Heritage,R_Oyigbo,R_Revival)) -> 1 | AA10: =SUM(S10:Z10) -> 62 | AB10: =RANK(AA10,(AD_Love,AD_Maranatha,AD_Goodnews,AD_Heritage,AD_Oyigbo,AD_Revival),1) -> 8
B11: TOTAL | F11: =SUM(F7:F10) -> 182 | G11: =SUM(G7:G10) -> 211 | H11: =SUM(H7:H10) -> 164 | I11: =SUM(I7:I10) -> 557 | J11: =SUM(J7:J10) -> 15 | K11: =IF(SUM(K7:K10)>0,AVERAGEIF(K7:K10,"<>0"),0) -> 0.555 | L11: =IF(SUM(L7:L10)=0,100%,AVERAGEIF(L7:L10,"<>0")) -> -0.36144113 | M11: =IF(SUM(M7:M10)=0,0%,AVERAGEIF(M7:M10,"<>0")) -> -0.049737999 | N11: =SUM(N7:N10) -> 629560 | O11: =IF(SUM(O7:O10)>0,AVERAGEIF(O7:O10,"<>0"),0) -> 364.22507 | P11: =IF(SUM(P7:P10)>0,AVERAGEIF(P7:P10,"<>0"),0%) -> 0 | Q11: =IF(SUM(Q7:Q10)>0,AVERAGEIF(Q7:Q10,"<>0"),0) -> 0 | R11: =IF(SUM(R7:R10)>0,AVERAGEIF(R7:R10,"<>0"),0) -> 0 | S11: =RANK($J11,J_Zone) -> 3 | T11: =RANK($K11,K_Zone) -> 3 | U11: =RANK($L11,L_Zone) -> 6 | V11: =RANK($M11,M_Zone) -> 3 | W11: =RANK($O11,O_Zone) -> 4 | X11: =RANK($P11,P_Zone) -> 1 | Y11: =RANK($Q11,Q_Zone) -> 1 | Z11: =RANK($R11,R_Zone) -> 1 | AA11: =SUM(S11:Z11) -> 22 | AB11: =RANK(AA11,AD_Zone,1) -> 5
A12: Maranatha [Pst. David Michael] | B12: D - Line | C12: 7031215541 | D12: Pst. Uchenna John | E12: Zion Faith Int'l | F12: =ROUNDDOWN(SUM('WK1:WK5'!B11)/MAX(1,INDEX(FREQUENCY('WK1:WK5'!B11,0),2)),0) -> 79 | G12: =ROUNDDOWN(SUM('WK1:WK5'!C11)/MAX(1,INDEX(FREQUENCY('WK1:WK5'!C11,0),2)),0) -> 81 | H12: =ROUNDDOWN(SUM('WK1:WK5'!D11)/MAX(1,INDEX(FREQUENCY('WK1:WK5'!D11,0),2)),0) -> 72 | I12: =SUM(F12:H12) -> 232 | J12: =SUM('WK1:WK5'!O11) -> 1 | K12: =IF(AND((SUM([1]Summary!J12,J12)>0),[1]Summary!I12>0),(I12-(([1]Summary!I12-[1]Summary!J12)-(L12*([1]Summary!I12-[1]Summary!J12))))/(IF(SUM([1]Summary!J12,J12)>0,[1]Summary!J12+J12,0)),0%) -> 0.33333333 | L12: =IF(([1]Summary!I12)>0,(([1]Summary!I12-[1]Summary!J12)-(I12-J12))/(([1]Summary!I12-[1]Summary!J12)),100%) -> -0.13793103 | M12: =IF(I12=0,0%,IF((I12-[2]Sheet1!$G8+([2]Sheet1!$J8/12*1))=0, 0%,(I12-[2]Sheet1!$G8+([2]Sheet1!$J8/12*1))/([2]Sheet1!$G8+([2]Sheet1!$J8/12*1)))) -> -0.23438471 | N12: =SUM('WK1:WK5'!M11) -> 176610 | O12: =(SUM('WK1:WK5'!M11)/MAX(1,INDEX(FREQUENCY('WK1:WK5'!M11,0),2)))/IF(F12+G12>0,F12+G12,"1") -> 275.95312 | P12: =SUM(IF(SUM('WK1:WK5'!J11)>0,SUM('WK1:WK5'!T11)/((SUM('WK1:WK5'!J11)+SUM('WK1:WK5'!K11)+SUM('WK1:WK5'!P11))*0.3),0%),IF(SUM('WK1:WK5'!J11)>0,SUM('WK1:WK5'!U11)/((SUM('WK1:WK5'!J11)+SUM('WK1:WK5'!K11)+SUM('WK1:WK5'!P11))*0.1),0%),IF(SUM('WK1:WK5'!J11)>0,SUM('WK1:WK5'!V11)/((SUM('WK1:WK5'!J11)+SUM('WK1:WK5'!K11)+SUM('WK1:WK5'!P11))*0.3),0%)) -> 0 | Q12: =SUM('WK1:WK5'!Z11)/MAX(1,INDEX(FREQUENCY('WK1:WK5'!Z11,0),2)) -> 0 | R12: =IF(I12>0,SUM('WK1:WK5'!AE11)/MAX(1,INDEX(FREQUENCY('WK1:WK5'!AE11,0),2))/I12,0) -> 0 | S12: =RANK($J12,(J_Love,J_Maranatha,J_Goodnews,J_Heritage,J_Oyigbo,J_Revival)) -> 13 | T12: =RANK($K12,(K_Love,K_Maranatha,K_Goodnews,K_Heritage,K_Oyigbo,K_Revival)) -> 10 | U12: =RANK($L12,(L_Love,L_Maranatha,L_Goodnews,L_Heritage,L_Oyigbo,L_Revival),1) -> 15 | V12: =RANK($M12,(M_Love,M_Maranatha,M_Goodnews,M_Heritage,M_Oyigbo,M_Revival)) -> 35 | W12: =RANK($O12,(O_Love,O_Maranatha,O_Goodnews,O_Heritage,O_Oyigbo,O_Revival)) -> 22 | X12: =RANK($P12,(P_Love,P_Maranatha,P_Goodnews,P_Heritage,P_Oyigbo,P_Revival)) -> 1 | Y12: =RANK($Q12,(Q_Love,Q_Maranatha,Q_Goodnews,Q_Heritage,Q_Oyigbo,Q_Revival)) -> 1 | Z12: =RANK($R12,(R_Love,R_Maranatha,R_Goodnews,R_Heritage,R_Oyigbo,R_Revival)) -> 1 | AA12: =SUM(S12:Z12) -> 98 | AB12: =RANK(AA12,(AD_Love,AD_Maranatha,AD_Goodnews,AD_Heritage,AD_Oyigbo,AD_Revival),1) -> 23
B13: Borokiri | C13: 8033381856 | D13: Pst. David Michael | E13: Maranatha | F13: =ROUNDDOWN(SUM('WK1:WK5'!B12)/MAX(1,INDEX(FREQUENCY('WK1:WK5'!B12,0),2)),0) -> 24 | G13: =ROUNDDOWN(SUM('WK1:WK5'!C12)/MAX(1,INDEX(FREQUENCY('WK1:WK5'!C12,0),2)),0) -> 42 | H13: =ROUNDDOWN(SUM('WK1:WK5'!D12)/MAX(1,INDEX(FREQUENCY('WK1:WK5'!D12,0),2)),0) -> 45 | I13: =SUM(F13:H13) -> 111 | J13: =SUM('WK1:WK5'!O12) -> 1 | K13: =IF(AND((SUM([1]Summary!J13,J13)>0),[1]Summary!I13>0),(I13-(([1]Summary!I13-[1]Summary!J13)-(L13*([1]Summary!I13-[1]Summary!J13))))/(IF(SUM([1]Summary!J13,J13)>0,[1]Summary!J13+J13,0)),0%) -> 0.071428571 | L13: =IF(([1]Summary!I13)>0,(([1]Summary!I13-[1]Summary!J13)-(I13-J13))/(([1]Summary!I13-[1]Summary!J13)),100%) -> -0.27906977 | M13: =IF(I13=0,0%,IF((I13-[2]Sheet1!$G9+([2]Sheet1!$J9/12*1))=0, 0%,(I13-[2]Sheet1!$G9+([2]Sheet1!$J9/12*1))/([2]Sheet1!$G9+([2]Sheet1!$J9/12*1)))) -> 0.30703803 | N13: =SUM('WK1:WK5'!M12) -> 86340 | O13: =(SUM('WK1:WK5'!M12)/MAX(1,INDEX(FREQUENCY('WK1:WK5'!M12,0),2)))/IF(F13+G13>0,F13+G13,"1") -> 327.04545 | P13: =SUM(IF(SUM('WK1:WK5'!J12)>0,SUM('WK1:WK5'!T12)/((SUM('WK1:WK5'!J12)+SUM('WK1:WK5'!K12)+SUM('WK1:WK5'!P12))*0.3),0%),IF(SUM('WK1:WK5'!J12)>0,SUM('WK1:WK5'!U12)/((SUM('WK1:WK5'!J12)+SUM('WK1:WK5'!K12)+SUM('WK1:WK5'!P12))*0.1),0%),IF(SUM('WK1:WK5'!J12)>0,SUM('WK1:WK5'!V12)/((SUM('WK1:WK5'!J12)+SUM('WK1:WK5'!K12)+SUM('WK1:WK5'!P12))*0.3),0%)) -> 0 | Q13: =SUM('WK1:WK5'!Z12)/MAX(1,INDEX(FREQUENCY('WK1:WK5'!Z12,0),2)) -> 0 | R13: =IF(I13>0,SUM('WK1:WK5'!AE12)/MAX(1,INDEX(FREQUENCY('WK1:WK5'!AE12,0),2))/I13,0) -> 0 | S13: =RANK($J13,(J_Love,J_Maranatha,J_Goodnews,J_Heritage,J_Oyigbo,J_Revival)) -> 13 | T13: =RANK($K13,(K_Love,K_Maranatha,K_Goodnews,K_Heritage,K_Oyigbo,K_Revival)) -> 15 | U13: =RANK($L13,(L_Love,L_Maranatha,L_Goodnews,L_Heritage,L_Oyigbo,L_Revival),1) -> 6 | V13: =RANK($M13,(M_Love,M_Maranatha,M_Goodnews,M_Heritage,M_Oyigbo,M_Revival)) -> 3 | W13: =RANK($O13,(O_Love,O_Maranatha,O_Goodnews,O_Heritage,O_Oyigbo,O_Revival)) -> 17 | X13: =RANK($P13,(P_Love,P_Maranatha,P_Goodnews,P_Heritage,P_Oyigbo,P_Revival)) -> 1 | Y13: =RANK($Q13,(Q_Love,Q_Maranatha,Q_Goodnews,Q_Heritage,Q_Oyigbo,Q_Revival)) -> 1 | Z13: =RANK($R13,(R_Love,R_Maranatha,R_Goodnews,R_Heritage,R_Oyigbo,R_Revival)) -> 1 | AA13: =SUM(S13:Z13) -> 57 | AB13: =RANK(AA13,(AD_Love,AD_Maranatha,AD_Goodnews,AD_Heritage,AD_Oyigbo,AD_Revival),1) -> 6
B14: Odili Road | C14: 8033134839 | D14: Pst. Martins Agbo | E14: Elevation | F14: =ROUNDDOWN(SUM('WK1:WK5'!B13)/MAX(1,INDEX(FREQUENCY('WK1:WK5'!B13,0),2)),0) -> 21 | G14: =ROUNDDOWN(SUM('WK1:WK5'!C13)/MAX(1,INDEX(FREQUENCY('WK1:WK5'!C13,0),2)),0) -> 24 | H14: =ROUNDDOWN(SUM('WK1:WK5'!D13)/MAX(1,INDEX(FREQUENCY('WK1:WK5'!D13,0),2)),0) -> 30 | I14: =SUM(F14:H14) -> 75 | J14: =SUM('WK1:WK5'!O13) -> 0 | K14: =IF(AND((SUM([1]Summary!J14,J14)>0),[1]Summary!I14>0),(I14-(([1]Summary!I14-[1]Summary!J14)-(L14*([1]Summary!I14-[1]Summary!J14))))/(IF(SUM([1]Summary!J14,J14)>0,[1]Summary!J14+J14,0)),0%) -> 0 | L14: =IF(([1]Summary!I14)>0,(([1]Summary!I14-[1]Summary!J14)-(I14-J14))/(([1]Summary!I14-[1]Summary!J14)),100%) -> 0.074074074 | M14: =IF(I14=0,0%,IF((I14-[2]Sheet1!$G10+([2]Sheet1!$J10/12*1))=0, 0%,(I14-[2]Sheet1!$G10+([2]Sheet1!$J10/12*1))/([2]Sheet1!$G10+([2]Sheet1!$J10/12*1)))) -> 0.30938839 | N14: =SUM('WK1:WK5'!M13) -> 131930 | O14: =(SUM('WK1:WK5'!M13)/MAX(1,INDEX(FREQUENCY('WK1:WK5'!M13,0),2)))/IF(F14+G14>0,F14+G14,"1") -> 732.94444 | P14: =SUM(IF(SUM('WK1:WK5'!J13)>0,SUM('WK1:WK5'!T13)/((SUM('WK1:WK5'!J13)+SUM('WK1:WK5'!K13)+SUM('WK1:WK5'!P13))*0.3),0%),IF(SUM('WK1:WK5'!J13)>0,SUM('WK1:WK5'!U13)/((SUM('WK1:WK5'!J13)+SUM('WK1:WK5'!K13)+SUM('WK1:WK5'!P13))*0.1),0%),IF(SUM('WK1:WK5'!J13)>0,SUM('WK1:WK5'!V13)/((SUM('WK1:WK5'!J13)+SUM('WK1:WK5'!K13)+SUM('WK1:WK5'!P13))*0.3),0%)) -> 0 | Q14: =SUM('WK1:WK5'!Z13)/MAX(1,INDEX(FREQUENCY('WK1:WK5'!Z13,0),2)) -> 0 | R14: =IF(I14>0,SUM('WK1:WK5'!AE13)/MAX(1,INDEX(FREQUENCY('WK1:WK5'!AE13,0),2))/I14,0) -> 0 | S14: =RANK($J14,(J_Love,J_Maranatha,J_Goodnews,J_Heritage,J_Oyigbo,J_Revival)) -> 17 | T14: =RANK($K14,(K_Love,K_Maranatha,K_Goodnews,K_Heritage,K_Oyigbo,K_Revival)) -> 17 | U14: =RANK($L14,(L_Love,L_Maranatha,L_Goodnews,L_Heritage,L_Oyigbo,L_Revival),1) -> 22 | V14: =RANK($M14,(M_Love,M_Maranatha,M_Goodnews,M_Heritage,M_Oyigbo,M_Revival)) -> 2 | W14: =RANK($O14,(O_Love,O_Maranatha,O_Goodnews,O_Heritage,O_Oyigbo,O_Revival)) -> 2 | X14: =RANK($P14,(P_Love,P_Maranatha,P_Goodnews,P_Heritage,P_Oyigbo,P_Revival)) -> 1 | Y14: =RANK($Q14,(Q_Love,Q_Maranatha,Q_Goodnews,Q_Heritage,Q_Oyigbo,Q_Revival)) -> 1 | Z14: =RANK($R14,(R_Love,R_Maranatha,R_Goodnews,R_Heritage,R_Oyigbo,R_Revival)) -> 1 | AA14: =SUM(S14:Z14) -> 63 | AB14: =RANK(AA14,(AD_Love,AD_Maranatha,AD_Goodnews,AD_Heritage,AD_Oyigbo,AD_Revival),1) -> 9
B15: Bonny Island | C15: 8131632175 | D15: Pst. Jeremiah Godswill | E15: Precious | F15: =ROUNDDOWN(SUM('WK1:WK5'!B14)/MAX(1,INDEX(FREQUENCY('WK1:WK5'!B14,0),2)),0) -> 3 | G15: =ROUNDDOWN(SUM('WK1:WK5'!C14)/MAX(1,INDEX(FREQUENCY('WK1:WK5'!C14,0),2)),0) -> 3 | H15: =ROUNDDOWN(SUM('WK1:WK5'!D14)/MAX(1,INDEX(FREQUENCY('WK1:WK5'!D14,0),2)),0) -> 6 | I15: =SUM(F15:H15) -> 12 | J15: =SUM('WK1:WK5'!O14) -> 0 | K15: =IF(AND((SUM([1]Summary!J15,J15)>0),[1]Summary!I15>0),(I15-(([1]Summary!I15-[1]Summary!J15)-(L15*([1]Summary!I15-[1]Summary!J15))))/(IF(SUM([1]Summary!J15,J15)>0,[1]Summary!J15+J15,0)),0%) -> 0 | L15: =IF(([1]Summary!I15)>0,(([1]Summary!I15-[1]Summary!J15)-(I15-J15))/(([1]Summary!I15-[1]Summary!J15)),100%) -> 0.14285714 | M15: =IF(I15=0,0%,IF((I15-[2]Sheet1!$G11+([2]Sheet1!$J11/12*1))=0, 0%,(I15-[2]Sheet1!$G11+([2]Sheet1!$J11/12*1))/([2]Sheet1!$G11+([2]Sheet1!$J11/12*1)))) -> 0.0098925362 | N15: =SUM('WK1:WK5'!M14) -> 10650 | O15: =(SUM('WK1:WK5'!M14)/MAX(1,INDEX(FREQUENCY('WK1:WK5'!M14,0),2)))/IF(F15+G15>0,F15+G15,"1") -> 443.75 | P15: =SUM(IF(SUM('WK1:WK5'!J14)>0,SUM('WK1:WK5'!T14)/((SUM('WK1:WK5'!J14)+SUM('WK1:WK5'!K14)+SUM('WK1:WK5'!P14))*0.3),0%),IF(SUM('WK1:WK5'!J14)>0,SUM('WK1:WK5'!U14)/((SUM('WK1:WK5'!J14)+SUM('WK1:WK5'!K14)+SUM('WK1:WK5'!P14))*0.1),0%),IF(SUM('WK1:WK5'!J14)>0,SUM('WK1:WK5'!V14)/((SUM('WK1:WK5'!J14)+SUM('WK1:WK5'!K14)+SUM('WK1:WK5'!P14))*0.3),0%)) -> 0 | Q15: =SUM('WK1:WK5'!Z14)/MAX(1,INDEX(FREQUENCY('WK1:WK5'!Z14,0),2)) -> 0 | R15: =IF(I15>0,SUM('WK1:WK5'!AE14)/MAX(1,INDEX(FREQUENCY('WK1:WK5'!AE14,0),2))/I15,0) -> 0 | S15: =RANK($J15,(J_Love,J_Maranatha,J_Goodnews,J_Heritage,J_Oyigbo,J_Revival)) -> 17 | T15: =RANK($K15,(K_Love,K_Maranatha,K_Goodnews,K_Heritage,K_Oyigbo,K_Revival)) -> 17 | U15: =RANK($L15,(L_Love,L_Maranatha,L_Goodnews,L_Heritage,L_Oyigbo,L_Revival),1) -> 25 | V15: =RANK($M15,(M_Love,M_Maranatha,M_Goodnews,M_Heritage,M_Oyigbo,M_Revival)) -> 10 | W15: =RANK($O15,(O_Love,O_Maranatha,O_Goodnews,O_Heritage,O_Oyigbo,O_Revival)) -> 11 | X15: =RANK($P15,(P_Love,P_Maranatha,P_Goodnews,P_Heritage,P_Oyigbo,P_Revival)) -> 1 | Y15: =RANK($Q15,(Q_Love,Q_Maranatha,Q_Goodnews,Q_Heritage,Q_Oyigbo,Q_Revival)) -> 1 | Z15: =RANK($R15,(R_Love,R_Maranatha,R_Goodnews,R_Heritage,R_Oyigbo,R_Revival)) -> 1 | AA15: =SUM(S15:Z15) -> 83 | AB15: =RANK(AA15,(AD_Love,AD_Maranatha,AD_Goodnews,AD_Heritage,AD_Oyigbo,AD_Revival),1) -> 19
B16: TOTAL | F16: =SUM(F12:F15) -> 127 | G16: =SUM(G12:G15) -> 150 | H16: =SUM(H12:H15) -> 153 | I16: =SUM(I12:I15) -> 430 | J16: =SUM(J12:J15) -> 2 | K16: =IF(SUM(K12:K15)>0,AVERAGEIF(K12:K15,"<>0"),0) -> 0.20238095 | L16: =IF(SUM(L12:L15)=0,100%,AVERAGEIF(L12:L15,"<>0")) -> -0.050017396 | M16: =IF(SUM(M12:M15)=0,0%,AVERAGEIF(M12:M15,"<>0")) -> 0.097983562 | N16: =SUM(N12:N15) -> 405530 | O16: =IF(SUM(O12:O15)>0,AVERAGEIF(O12:O15,"<>0"),0) -> 444.92326 | P16: =IF(SUM(P12:P15)>0,AVERAGEIF(P12:P15,"<>0"),0%) -> 0 | Q16: =IF(SUM(Q12:Q15)>0,AVERAGEIF(Q12:Q15,"<>0"),0) -> 0 | R16: =IF(SUM(R12:R15)>0,AVERAGEIF(R12:R15,"<>0"),0) -> 0 | S16: =RANK($J16,J_Zone) -> 6 | T16: =RANK($K16,K_Zone) -> 6 | U16: =RANK($L16,L_Zone) -> 3 | V16: =RANK($M16,M_Zone) -> 1 | W16: =RANK($O16,O_Zone) -> 3 | X16: =RANK($P16,P_Zone) -> 1 | Y16: =RANK($Q16,Q_Zone) -> 1 | Z16: =RANK($R16,R_Zone) -> 1 | AA16: =SUM(S16:Z16) -> 22 | AB16: =RANK(AA16,AD_Zone,1) -> 5
A17: Goodnews [Pst. OkeChukwu Ochulo] | B17: Rumukwurushi | C17: 8032724075 | D17: Pst. Frances Nabie | E17: Goodnews | F17: =ROUNDDOWN(SUM('WK1:WK5'!B16)/MAX(1,INDEX(FREQUENCY('WK1:WK5'!B16,0),2)),0) -> 52 | G17: =ROUNDDOWN(SUM('WK1:WK5'!C16)/MAX(1,INDEX(FREQUENCY('WK1:WK5'!C16,0),2)),0) -> 86 | H17: =ROUNDDOWN(SUM('WK1:WK5'!D16)/MAX(1,INDEX(FREQUENCY('WK1:WK5'!D16,0),2)),0) -> 77 | I17: =SUM(F17:H17) -> 215 | J17: =SUM('WK1:WK5'!O16) -> 1 | K17: =IF(AND((SUM([1]Summary!J17,J17)>0),[1]Summary!I17>0),(I17-(([1]Summary!I17-[1]Summary!J17)-(L17*([1]Summary!I17-[1]Summary!J17))))/(IF(SUM([1]Summary!J17,J17)>0,[1]Summary!J17+J17,0)),0%) -> 0.052631579 | L17: =IF(([1]Summary!I17)>0,(([1]Summary!I17-[1]Summary!J17)-(I17-J17))/(([1]Summary!I17-[1]Summary!J17)),100%) -> -0.4965035 | M17: =IF(I17=0,0%,IF((I17-[2]Sheet1!$G13+([2]Sheet1!$J13/12*1))=0, 0%,(I17-[2]Sheet1!$G13+([2]Sheet1!$J13/12*1))/([2]Sheet1!$G13+([2]Sheet1!$J13/12*1)))) -> 0.070693949 | N17: =SUM('WK1:WK5'!M16) -> 258640 | O17: =(SUM('WK1:WK5'!M16)/MAX(1,INDEX(FREQUENCY('WK1:WK5'!M16,0),2)))/IF(F17+G17>0,F17+G17,"1") -> 468.55072 | P17: =SUM(IF(SUM('WK1:WK5'!J16)>0,SUM('WK1:WK5'!T16)/((SUM('WK1:WK5'!J16)+SUM('WK1:WK5'!K16)+SUM('WK1:WK5'!P16))*0.3),0%),IF(SUM('WK1:WK5'!J16)>0,SUM('WK1:WK5'!U16)/((SUM('WK1:WK5'!J16)+SUM('WK1:WK5'!K16)+SUM('WK1:WK5'!P16))*0.1),0%),IF(SUM('WK1:WK5'!J16)>0,SUM('WK1:WK5'!V16)/((SUM('WK1:WK5'!J16)+SUM('WK1:WK5'!K16)+SUM('WK1:WK5'!P16))*0.3),0%)) -> 0 | Q17: =SUM('WK1:WK5'!Z16)/MAX(1,INDEX(FREQUENCY('WK1:WK5'!Z16,0),2)) -> 0 | R17: =IF(I17>0,SUM('WK1:WK5'!AE16)/MAX(1,INDEX(FREQUENCY('WK1:WK5'!AE16,0),2))/I17,0) -> 0 | S17: =RANK($J17,(J_Love,J_Maranatha,J_Goodnews,J_Heritage,J_Oyigbo,J_Revival)) -> 13 | T17: =RANK($K17,(K_Love,K_Maranatha,K_Goodnews,K_Heritage,K_Oyigbo,K_Revival)) -> 16 | U17: =RANK($L17,(L_Love,L_Maranatha,L_Goodnews,L_Heritage,L_Oyigbo,L_Revival),1) -> 4 | V17: =RANK($M17,(M_Love,M_Maranatha,M_Goodnews,M_Heritage,M_Oyigbo,M_Revival)) -> 7 | W17: =RANK($O17,(O_Love,O_Maranatha,O_Goodnews,O_Heritage,O_Oyigbo,O_Revival)) -> 9 | X17: =RANK($P17,(P_Love,P_Maranatha,P_Goodnews,P_Heritage,P_Oyigbo,P_Revival)) -> 1 | Y17: =RANK($Q17,(Q_Love,Q_Maranatha,Q_Goodnews,Q_Heritage,Q_Oyigbo,Q_Revival)) -> 1 | Z17: =RANK($R17,(R_Love,R_Maranatha,R_Goodnews,R_Heritage,R_Oyigbo,R_Revival)) -> 1 | AA17: =SUM(S17:Z17) -> 52 | AB17: =RANK(AA17,(AD_Love,AD_Maranatha,AD_Goodnews,AD_Heritage,AD_Oyigbo,AD_Revival),1) -> 4
B18: Igbo Etche | C18: 8029571213 | D18: Pst. Saviour Terkaa | E18: Shiloh | F18: =ROUNDDOWN(SUM('WK1:WK5'!B17)/MAX(1,INDEX(FREQUENCY('WK1:WK5'!B17,0),2)),0) -> 59 | G18: =ROUNDDOWN(SUM('WK1:WK5'!C17)/MAX(1,INDEX(FREQUENCY('WK1:WK5'!C17,0),2)),0) -> 82 | H18: =ROUNDDOWN(SUM('WK1:WK5'!D17)/MAX(1,INDEX(FREQUENCY('WK1:WK5'!D17,0),2)),0) -> 110 | I18: =SUM(F18:H18) -> 251 | J18: =SUM('WK1:WK5'!O17) -> 14 | K18: =IF(AND((SUM([1]Summary!J18,J18)>0),[1]Summary!I18>0),(I18-(([1]Summary!I18-[1]Summary!J18)-(L18*([1]Summary!I18-[1]Summary!J18))))/(IF(SUM([1]Summary!J18,J18)>0,[1]Summary!J18+J18,0)),0%) -> 1 | L18: =IF(([1]Summary!I18)>0,(([1]Summary!I18-[1]Summary!J18)-(I18-J18))/(([1]Summary!I18-[1]Summary!J18)),100%) -> -0.15609756 | M18: =IF(I18=0,0%,IF((I18-[2]Sheet1!$G14+([2]Sheet1!$J14/12*1))=0, 0%,(I18-[2]Sheet1!$G14+([2]Sheet1!$J14/12*1))/([2]Sheet1!$G14+([2]Sheet1!$J14/12*1)))) -> -0.14462635 | N18: =SUM('WK1:WK5'!M17) -> 198270 | O18: =(SUM('WK1:WK5'!M17)/MAX(1,INDEX(FREQUENCY('WK1:WK5'!M17,0),2)))/IF(F18+G18>0,F18+G18,"1") -> 351.54255 | P18: =SUM(IF(SUM('WK1:WK5'!J17)>0,SUM('WK1:WK5'!T17)/((SUM('WK1:WK5'!J17)+SUM('WK1:WK5'!K17)+SUM('WK1:WK5'!P17))*0.3),0%),IF(SUM('WK1:WK5'!J17)>0,SUM('WK1:WK5'!U17)/((SUM('WK1:WK5'!J17)+SUM('WK1:WK5'!K17)+SUM('WK1:WK5'!P17))*0.1),0%),IF(SUM('WK1:WK5'!J17)>0,SUM('WK1:WK5'!V17)/((SUM('WK1:WK5'!J17)+SUM('WK1:WK5'!K17)+SUM('WK1:WK5'!P17))*0.3),0%)) -> 0 | Q18: =SUM('WK1:WK5'!Z17)/MAX(1,INDEX(FREQUENCY('WK1:WK5'!Z17,0),2)) -> 0 | R18: =IF(I18>0,SUM('WK1:WK5'!AE17)/MAX(1,INDEX(FREQUENCY('WK1:WK5'!AE17,0),2))/I18,0) -> 0 | S18: =RANK($J18,(J_Love,J_Maranatha,J_Goodnews,J_Heritage,J_Oyigbo,J_Revival)) -> 1 | T18: =RANK($K18,(K_Love,K_Maranatha,K_Goodnews,K_Heritage,K_Oyigbo,K_Revival)) -> 1 | U18: =RANK($L18,(L_Love,L_Maranatha,L_Goodnews,L_Heritage,L_Oyigbo,L_Revival),1) -> 14 | V18: =RANK($M18,(M_Love,M_Maranatha,M_Goodnews,M_Heritage,M_Oyigbo,M_Revival)) -> 29 | W18: =RANK($O18,(O_Love,O_Maranatha,O_Goodnews,O_Heritage,O_Oyigbo,O_Revival)) -> 15 | X18: =RANK($P18,(P_Love,P_Maranatha,P_Goodnews,P_Heritage,P_Oyigbo,P_Revival)) -> 1 | Y18: =RANK($Q18,(Q_Love,Q_Maranatha,Q_Goodnews,Q_Heritage,Q_Oyigbo,Q_Revival)) -> 1 | Z18: =RANK($R18,(R_Love,R_Maranatha,R_Goodnews,R_Heritage,R_Oyigbo,R_Revival)) -> 1 | AA18: =SUM(S18:Z18) -> 63 | AB18: =RANK(AA18,(AD_Love,AD_Maranatha,AD_Goodnews,AD_Heritage,AD_Oyigbo,AD_Revival),1) -> 9
B19: Eneka | C19: 8168413880 | D19: Pst Okechukwu Ochulo | E19: Lords | F19: =ROUNDDOWN(SUM('WK1:WK5'!B18)/MAX(1,INDEX(FREQUENCY('WK1:WK5'!B18,0),2)),0) -> 9 | G19: =ROUNDDOWN(SUM('WK1:WK5'!C18)/MAX(1,INDEX(FREQUENCY('WK1:WK5'!C18,0),2)),0) -> 19 | H19: =ROUNDDOWN(SUM('WK1:WK5'!D18)/MAX(1,INDEX(FREQUENCY('WK1:WK5'!D18,0),2)),0) -> 19 | I19: =SUM(F19:H19) -> 47 | J19: =SUM('WK1:WK5'!O18) -> 0 | K19: =IF(AND((SUM([1]Summary!J19,J19)>0),[1]Summary!I19>0),(I19-(([1]Summary!I19-[1]Summary!J19)-(L19*([1]Summary!I19-[1]Summary!J19))))/(IF(SUM([1]Summary!J19,J19)>0,[1]Summary!J19+J19,0)),0%) -> 0 | L19: =IF(([1]Summary!I19)>0,(([1]Summary!I19-[1]Summary!J19)-(I19-J19))/(([1]Summary!I19-[1]Summary!J19)),100%) -> -0.02173913 | M19: =IF(I19=0,0%,IF((I19-[2]Sheet1!$G15+([2]Sheet1!$J15/12*1))=0, 0%,(I19-[2]Sheet1!$G15+([2]Sheet1!$J15/12*1))/([2]Sheet1!$G15+([2]Sheet1!$J15/12*1)))) -> -0.14835975 | N19: =SUM('WK1:WK5'!M18) -> 80400 | O19: =(SUM('WK1:WK5'!M18)/MAX(1,INDEX(FREQUENCY('WK1:WK5'!M18,0),2)))/IF(F19+G19>0,F19+G19,"1") -> 717.85714 | P19: =SUM(IF(SUM('WK1:WK5'!J18)>0,SUM('WK1:WK5'!T18)/((SUM('WK1:WK5'!J18)+SUM('WK1:WK5'!K18)+SUM('WK1:WK5'!P18))*0.3),0%),IF(SUM('WK1:WK5'!J18)>0,SUM('WK1:WK5'!U18)/((SUM('WK1:WK5'!J18)+SUM('WK1:WK5'!K18)+SUM('WK1:WK5'!P18))*0.1),0%),IF(SUM('WK1:WK5'!J18)>0,SUM('WK1:WK5'!V18)/((SUM('WK1:WK5'!J18)+SUM('WK1:WK5'!K18)+SUM('WK1:WK5'!P18))*0.3),0%)) -> 0 | Q19: =SUM('WK1:WK5'!Z18)/MAX(1,INDEX(FREQUENCY('WK1:WK5'!Z18,0),2)) -> 0 | R19: =IF(I19>0,SUM('WK1:WK5'!AE18)/MAX(1,INDEX(FREQUENCY('WK1:WK5'!AE18,0),2))/I19,0) -> 0 | S19: =RANK($J19,(J_Love,J_Maranatha,J_Goodnews,J_Heritage,J_Oyigbo,J_Revival)) -> 17 | T19: =RANK($K19,(K_Love,K_Maranatha,K_Goodnews,K_Heritage,K_Oyigbo,K_Revival)) -> 17 | U19: =RANK($L19,(L_Love,L_Maranatha,L_Goodnews,L_Heritage,L_Oyigbo,L_Revival),1) -> 20 | V19: =RANK($M19,(M_Love,M_Maranatha,M_Goodnews,M_Heritage,M_Oyigbo,M_Revival)) -> 30 | W19: =RANK($O19,(O_Love,O_Maranatha,O_Goodnews,O_Heritage,O_Oyigbo,O_Revival)) -> 3 | X19: =RANK($P19,(P_Love,P_Maranatha,P_Goodnews,P_Heritage,P_Oyigbo,P_Revival)) -> 1 | Y19: =RANK($Q19,(Q_Love,Q_Maranatha,Q_Goodnews,Q_Heritage,Q_Oyigbo,Q_Revival)) -> 1 | Z19: =RANK($R19,(R_Love,R_Maranatha,R_Goodnews,R_Heritage,R_Oyigbo,R_Revival)) -> 1 | AA19: =SUM(S19:Z19) -> 90 | AB19: =RANK(AA19,(AD_Love,AD_Maranatha,AD_Goodnews,AD_Heritage,AD_Oyigbo,AD_Revival),1) -> 21
B20: Elimgbu | C20: 8064324665 | D20: Pst. Joseph Onah | E20: Redemption | F20: =ROUNDDOWN(SUM('WK1:WK5'!B19)/MAX(1,INDEX(FREQUENCY('WK1:WK5'!B19,0),2)),0) -> 4 | G20: =ROUNDDOWN(SUM('WK1:WK5'!C19)/MAX(1,INDEX(FREQUENCY('WK1:WK5'!C19,0),2)),0) -> 2 | H20: =ROUNDDOWN(SUM('WK1:WK5'!D19)/MAX(1,INDEX(FREQUENCY('WK1:WK5'!D19,0),2)),0) -> 5 | I20: =SUM(F20:H20) -> 11 | J20: =SUM('WK1:WK5'!O19) -> 2 | K20: =IF(AND((SUM([1]Summary!J20,J20)>0),[1]Summary!I20>0),(I20-(([1]Summary!I20-[1]Summary!J20)-(L20*([1]Summary!I20-[1]Summary!J20))))/(IF(SUM([1]Summary!J20,J20)>0,[1]Summary!J20+J20,0)),0%) -> 0.4 | L20: =IF(([1]Summary!I20)>0,(([1]Summary!I20-[1]Summary!J20)-(I20-J20))/(([1]Summary!I20-[1]Summary!J20)),100%) -> 0.25 | M20: =IF(I20=0,0%,IF((I20-[2]Sheet1!$G16+([2]Sheet1!$J16/12*1))=0, 0%,(I20-[2]Sheet1!$G16+([2]Sheet1!$J16/12*1))/([2]Sheet1!$G16+([2]Sheet1!$J16/12*1)))) -> -0.12111618 | N20: =SUM('WK1:WK5'!M19) -> 40800 | O20: =(SUM('WK1:WK5'!M19)/MAX(1,INDEX(FREQUENCY('WK1:WK5'!M19,0),2)))/IF(F20+G20>0,F20+G20,"1") -> 1700 | P20: =SUM(IF(SUM('WK1:WK5'!J19)>0,SUM('WK1:WK5'!T19)/((SUM('WK1:WK5'!J19)+SUM('WK1:WK5'!K19)+SUM('WK1:WK5'!P19))*0.3),0%),IF(SUM('WK1:WK5'!J19)>0,SUM('WK1:WK5'!U19)/((SUM('WK1:WK5'!J19)+SUM('WK1:WK5'!K19)+SUM('WK1:WK5'!P19))*0.1),0%),IF(SUM('WK1:WK5'!J19)>0,SUM('WK1:WK5'!V19)/((SUM('WK1:WK5'!J19)+SUM('WK1:WK5'!K19)+SUM('WK1:WK5'!P19))*0.3),0%)) -> 0 | Q20: =SUM('WK1:WK5'!Z19)/MAX(1,INDEX(FREQUENCY('WK1:WK5'!Z19,0),2)) -> 0 | R20: =IF(I20>0,SUM('WK1:WK5'!AE19)/MAX(1,INDEX(FREQUENCY('WK1:WK5'!AE19,0),2))/I20,0) -> 0 | S20: =RANK($J20,(J_Love,J_Maranatha,J_Goodnews,J_Heritage,J_Oyigbo,J_Revival)) -> 9 | T20: =RANK($K20,(K_Love,K_Maranatha,K_Goodnews,K_Heritage,K_Oyigbo,K_Revival)) -> 8 | U20: =RANK($L20,(L_Love,L_Maranatha,L_Goodnews,L_Heritage,L_Oyigbo,L_Revival),1) -> 27 | V20: =RANK($M20,(M_Love,M_Maranatha,M_Goodnews,M_Heritage,M_Oyigbo,M_Revival)) -> 27 | W20: =RANK($O20,(O_Love,O_Maranatha,O_Goodnews,O_Heritage,O_Oyigbo,O_Revival)) -> 1 | X20: =RANK($P20,(P_Love,P_Maranatha,P_Goodnews,P_Heritage,P_Oyigbo,P_Revival)) -> 1 | Y20: =RANK($Q20,(Q_Love,Q_Maranatha,Q_Goodnews,Q_Heritage,Q_Oyigbo,Q_Revival)) -> 1 | Z20: =RANK($R20,(R_Love,R_Maranatha,R_Goodnews,R_Heritage,R_Oyigbo,R_Revival)) -> 1 | AA20: =SUM(S20:Z20) -> 75 | AB20: =RANK(AA20,(AD_Love,AD_Maranatha,AD_Goodnews,AD_Heritage,AD_Oyigbo,AD_Revival),1) -> 16
B21: Rumuodara | C21: 8174035100 | D21: Pst. Collins Obodo | E21: Upper room | F21: =ROUNDDOWN(SUM('WK1:WK5'!B20)/MAX(1,INDEX(FREQUENCY('WK1:WK5'!B20,0),2)),0) -> 13 | G21: =ROUNDDOWN(SUM('WK1:WK5'!C20)/MAX(1,INDEX(FREQUENCY('WK1:WK5'!C20,0),2)),0) -> 20 | H21: =ROUNDDOWN(SUM('WK1:WK5'!D20)/MAX(1,INDEX(FREQUENCY('WK1:WK5'!D20,0),2)),0) -> 27 | I21: =SUM(F21:H21) -> 60 | J21: =SUM('WK1:WK5'!O20) -> 2 | K21: =IF(AND((SUM([1]Summary!J21,J21)>0),[1]Summary!I21>0),(I21-(([1]Summary!I21-[1]Summary!J21)-(L21*([1]Summary!I21-[1]Summary!J21))))/(IF(SUM([1]Summary!J21,J21)>0,[1]Summary!J21+J21,0)),0%) -> 0.22222222 | L21: =IF(([1]Summary!I21)>0,(([1]Summary!I21-[1]Summary!J21)-(I21-J21))/(([1]Summary!I21-[1]Summary!J21)),100%) -> -0.56756757 | M21: =IF(I21=0,0%,IF((I21-[2]Sheet1!$G17+([2]Sheet1!$J17/12*1))=0, 0%,(I21-[2]Sheet1!$G17+([2]Sheet1!$J17/12*1))/([2]Sheet1!$G17+([2]Sheet1!$J17/12*1)))) -> -0.26430476 | N21: =SUM('WK1:WK5'!M20) -> 46560 | O21: =(SUM('WK1:WK5'!M20)/MAX(1,INDEX(FREQUENCY('WK1:WK5'!M20,0),2)))/IF(F21+G21>0,F21+G21,"1") -> 470.30303 | P21: =SUM(IF(SUM('WK1:WK5'!J20)>0,SUM('WK1:WK5'!T20)/((SUM('WK1:WK5'!J20)+SUM('WK1:WK5'!K20)+SUM('WK1:WK5'!P20))*0.3),0%),IF(SUM('WK1:WK5'!J20)>0,SUM('WK1:WK5'!U20)/((SUM('WK1:WK5'!J20)+SUM('WK1:WK5'!K20)+SUM('WK1:WK5'!P20))*0.1),0%),IF(SUM('WK1:WK5'!J20)>0,SUM('WK1:WK5'!V20)/((SUM('WK1:WK5'!J20)+SUM('WK1:WK5'!K20)+SUM('WK1:WK5'!P20))*0.3),0%)) -> 0 | Q21: =SUM('WK1:WK5'!Z20)/MAX(1,INDEX(FREQUENCY('WK1:WK5'!Z20,0),2)) -> 0 | R21: =IF(I21>0,SUM('WK1:WK5'!AE20)/MAX(1,INDEX(FREQUENCY('WK1:WK5'!AE20,0),2))/I21,0) -> 0 | S21: =RANK($J21,(J_Love,J_Maranatha,J_Goodnews,J_Heritage,J_Oyigbo,J_Revival)) -> 9 | T21: =RANK($K21,(K_Love,K_Maranatha,K_Goodnews,K_Heritage,K_Oyigbo,K_Revival)) -> 13 | U21: =RANK($L21,(L_Love,L_Maranatha,L_Goodnews,L_Heritage,L_Oyigbo,L_Revival),1) -> 2 | V21: =RANK($M21,(M_Love,M_Maranatha,M_Goodnews,M_Heritage,M_Oyigbo,M_Revival)) -> 36 | W21: =RANK($O21,(O_Love,O_Maranatha,O_Goodnews,O_Heritage,O_Oyigbo,O_Revival)) -> 8 | X21: =RANK($P21,(P_Love,P_Maranatha,P_Goodnews,P_Heritage,P_Oyigbo,P_Revival)) -> 1 | Y21: =RANK($Q21,(Q_Love,Q_Maranatha,Q_Goodnews,Q_Heritage,Q_Oyigbo,Q_Revival)) -> 1 | Z21: =RANK($R21,(R_Love,R_Maranatha,R_Goodnews,R_Heritage,R_Oyigbo,R_Revival)) -> 1 | AA21: =SUM(S21:Z21) -> 71 | AB21: =RANK(AA21,(AD_Love,AD_Maranatha,AD_Goodnews,AD_Heritage,AD_Oyigbo,AD_Revival),1) -> 12
B22: TOTAL | F22: =SUM(F17:F21) -> 137 | G22: =SUM(G17:G21) -> 209 | H22: =SUM(H17:H21) -> 238 | I22: =SUM(I17:I21) -> 584 | J22: =SUM(J17:J21) -> 19 | K22: =IF(SUM(K17:K21)>0,AVERAGEIF(K17:K21,"<>0"),0) -> 0.41871345 | L22: =IF(SUM(L17:L21)=0,100%,AVERAGEIF(L17:L21,"<>0")) -> -0.19838155 | M22: =IF(SUM(M17:M21)=0,0%,AVERAGEIF(M17:M21,"<>0")) -> -0.12154262 | N22: =SUM(N17:N21) -> 624670 | O22: =IF(SUM(O17:O21)>0,AVERAGEIF(O17:O21,"<>0"),0) -> 741.65069 | P22: =IF(SUM(P17:P21)>0,AVERAGEIF(P17:P21,"<>0"),0%) -> 0 | Q22: =IF(SUM(Q17:Q21)>0,AVERAGEIF(Q17:Q21,"<>0"),0) -> 0 | R22: =IF(SUM(R17:R21)>0,AVERAGEIF(R17:R21,"<>0"),0) -> 0 | S22: =RANK($J22,J_Zone) -> 2 | T22: =RANK($K22,K_Zone) -> 5 | U22: =RANK($L22,L_Zone) -> 5 | V22: =RANK($M22,M_Zone) -> 4 | W22: =RANK($O22,O_Zone) -> 1 | X22: =RANK($P22,P_Zone) -> 1 | Y22: =RANK($Q22,Q_Zone) -> 1 | Z22: =RANK($R22,R_Zone) -> 1 | AA22: =SUM(S22:Z22) -> 20 | AB22: =RANK(AA22,AD_Zone,1) -> 2
A23: Heritage [Pst. Moses Okwuonu] | B23: Eleme | C23: 7038053235 | D23: Pst. Moses Okwuonu | E23: Dominion | F23: =ROUNDDOWN(SUM('WK1:WK5'!B22)/MAX(1,INDEX(FREQUENCY('WK1:WK5'!B22,0),2)),0) -> 19 | G23: =ROUNDDOWN(SUM('WK1:WK5'!C22)/MAX(1,INDEX(FREQUENCY('WK1:WK5'!C22,0),2)),0) -> 37 | H23: =ROUNDDOWN(SUM('WK1:WK5'!D22)/MAX(1,INDEX(FREQUENCY('WK1:WK5'!D22,0),2)),0) -> 47 | I23: =SUM(F23:H23) -> 103 | J23: =SUM('WK1:WK5'!O22) -> 0 | K23: =IF(AND((SUM([1]Summary!J23,J23)>0),[1]Summary!I23>0),(I23-(([1]Summary!I23-[1]Summary!J23)-(L23*([1]Summary!I23-[1]Summary!J23))))/(IF(SUM([1]Summary!J23,J23)>0,[1]Summary!J23+J23,0)),0%) -> 0 | L23: =IF(([1]Summary!I23)>0,(([1]Summary!I23-[1]Summary!J23)-(I23-J23))/(([1]Summary!I23-[1]Summary!J23)),100%) -> -0.25609756 | M23: =IF(I23=0,0%,IF((I23-[2]Sheet1!$G19+([2]Sheet1!$J19/12*1))=0, 0%,(I23-[2]Sheet1!$G19+([2]Sheet1!$J19/12*1))/([2]Sheet1!$G19+([2]Sheet1!$J19/12*1)))) -> -0.20297655 | N23: =SUM('WK1:WK5'!M22) -> 122360 | O23: =(SUM('WK1:WK5'!M22)/MAX(1,INDEX(FREQUENCY('WK1:WK5'!M22,0),2)))/IF(F23+G23>0,F23+G23,"1") -> 546.25 | P23: =SUM(IF(SUM('WK1:WK5'!J22)>0,SUM('WK1:WK5'!T22)/((SUM('WK1:WK5'!J22)+SUM('WK1:WK5'!K22)+SUM('WK1:WK5'!P22))*0.3),0%),IF(SUM('WK1:WK5'!J22)>0,SUM('WK1:WK5'!U22)/((SUM('WK1:WK5'!J22)+SUM('WK1:WK5'!K22)+SUM('WK1:WK5'!P22))*0.1),0%),IF(SUM('WK1:WK5'!J22)>0,SUM('WK1:WK5'!V22)/((SUM('WK1:WK5'!J22)+SUM('WK1:WK5'!K22)+SUM('WK1:WK5'!P22))*0.3),0%)) -> 0 | Q23: =SUM('WK1:WK5'!Z22)/MAX(1,INDEX(FREQUENCY('WK1:WK5'!Z22,0),2)) -> 0 | R23: =IF(I23>0,SUM('WK1:WK5'!AE22)/MAX(1,INDEX(FREQUENCY('WK1:WK5'!AE22,0),2))/I23,0) -> 0 | S23: =RANK($J23,(J_Love,J_Maranatha,J_Goodnews,J_Heritage,J_Oyigbo,J_Revival)) -> 17 | T23: =RANK($K23,(K_Love,K_Maranatha,K_Goodnews,K_Heritage,K_Oyigbo,K_Revival)) -> 17 | U23: =RANK($L23,(L_Love,L_Maranatha,L_Goodnews,L_Heritage,L_Oyigbo,L_Revival),1) -> 8 | V23: =RANK($M23,(M_Love,M_Maranatha,M_Goodnews,M_Heritage,M_Oyigbo,M_Revival)) -> 32 | W23: =RANK($O23,(O_Love,O_Maranatha,O_Goodnews,O_Heritage,O_Oyigbo,O_Revival)) -> 5 | X23: =RANK($P23,(P_Love,P_Maranatha,P_Goodnews,P_Heritage,P_Oyigbo,P_Revival)) -> 1 | Y23: =RANK($Q23,(Q_Love,Q_Maranatha,Q_Goodnews,Q_Heritage,Q_Oyigbo,Q_Revival)) -> 1 | Z23: =RANK($R23,(R_Love,R_Maranatha,R_Goodnews,R_Heritage,R_Oyigbo,R_Revival)) -> 1 | AA23: =SUM(S23:Z23) -> 82 | AB23: =RANK(AA23,(AD_Love,AD_Maranatha,AD_Goodnews,AD_Heritage,AD_Oyigbo,AD_Revival),1) -> 18
B24: Onne | C24: 8066532318 | D24: Pst. Paul Kilsi | E24: Fruitful | F24: =ROUNDDOWN(SUM('WK1:WK5'!B23)/MAX(1,INDEX(FREQUENCY('WK1:WK5'!B23,0),2)),0) -> 0 | G24: =ROUNDDOWN(SUM('WK1:WK5'!C23)/MAX(1,INDEX(FREQUENCY('WK1:WK5'!C23,0),2)),0) -> 0 | H24: =ROUNDDOWN(SUM('WK1:WK5'!D23)/MAX(1,INDEX(FREQUENCY('WK1:WK5'!D23,0),2)),0) -> 0 | I24: =SUM(F24:H24) -> 0 | J24: =SUM('WK1:WK5'!O23) -> 0 | K24: =IF(AND((SUM([1]Summary!J24,J24)>0),[1]Summary!I24>0),(I24-(([1]Summary!I24-[1]Summary!J24)-(L24*([1]Summary!I24-[1]Summary!J24))))/(IF(SUM([1]Summary!J24,J24)>0,[1]Summary!J24+J24,0)),0%) -> 0 | L24: =IF(([1]Summary!I24)>0,(([1]Summary!I24-[1]Summary!J24)-(I24-J24))/(([1]Summary!I24-[1]Summary!J24)),100%) -> 1 | M24: =IF(I24=0,0%,IF((I24-[2]Sheet1!$G20+([2]Sheet1!$J20/12*1))=0, 0%,(I24-[2]Sheet1!$G20+([2]Sheet1!$J20/12*1))/([2]Sheet1!$G20+([2]Sheet1!$J20/12*1)))) -> 0 | N24: =SUM('WK1:WK5'!M23) -> 0 | O24: =(SUM('WK1:WK5'!M23)/MAX(1,INDEX(FREQUENCY('WK1:WK5'!M23,0),2)))/IF(F24+G24>0,F24+G24,"1") -> 0 | P24: =SUM(IF(SUM('WK1:WK5'!J23)>0,SUM('WK1:WK5'!T23)/((SUM('WK1:WK5'!J23)+SUM('WK1:WK5'!K23)+SUM('WK1:WK5'!P23))*0.3),0%),IF(SUM('WK1:WK5'!J23)>0,SUM('WK1:WK5'!U23)/((SUM('WK1:WK5'!J23)+SUM('WK1:WK5'!K23)+SUM('WK1:WK5'!P23))*0.1),0%),IF(SUM('WK1:WK5'!J23)>0,SUM('WK1:WK5'!V23)/((SUM('WK1:WK5'!J23)+SUM('WK1:WK5'!K23)+SUM('WK1:WK5'!P23))*0.3),0%)) -> 0 | Q24: =SUM('WK1:WK5'!Z23)/MAX(1,INDEX(FREQUENCY('WK1:WK5'!Z23,0),2)) -> 0 | R24: =IF(I24>0,SUM('WK1:WK5'!AE23)/MAX(1,INDEX(FREQUENCY('WK1:WK5'!AE23,0),2))/I24,0) -> 0 | S24: =RANK($J24,(J_Love,J_Maranatha,J_Goodnews,J_Heritage,J_Oyigbo,J_Revival)) -> 17 | T24: =RANK($K24,(K_Love,K_Maranatha,K_Goodnews,K_Heritage,K_Oyigbo,K_Revival)) -> 17 | U24: =RANK($L24,(L_Love,L_Maranatha,L_Goodnews,L_Heritage,L_Oyigbo,L_Revival),1) -> 29 | V24: =RANK($M24,(M_Love,M_Maranatha,M_Goodnews,M_Heritage,M_Oyigbo,M_Revival)) -> 11 | W24: =RANK($O24,(O_Love,O_Maranatha,O_Goodnews,O_Heritage,O_Oyigbo,O_Revival)) -> 29 | X24: =RANK($P24,(P_Love,P_Maranatha,P_Goodnews,P_Heritage,P_Oyigbo,P_Revival)) -> 1 | Y24: =RANK($Q24,(Q_Love,Q_Maranatha,Q_Goodnews,Q_Heritage,Q_Oyigbo,Q_Revival)) -> 1 | Z24: =RANK($R24,(R_Love,R_Maranatha,R_Goodnews,R_Heritage,R_Oyigbo,R_Revival)) -> 1 | AA24: =SUM(S24:Z24) -> 106 | AB24: =RANK(AA24,(AD_Love,AD_Maranatha,AD_Goodnews,AD_Heritage,AD_Oyigbo,AD_Revival),1) -> 25
B25: Elelenwo | C25: 8056448547 | D25: Pst. Raymond Atuh | E25: Heritage | F25: =ROUNDDOWN(SUM('WK1:WK5'!B24)/MAX(1,INDEX(FREQUENCY('WK1:WK5'!B24,0),2)),0) -> 42 | G25: =ROUNDDOWN(SUM('WK1:WK5'!C24)/MAX(1,INDEX(FREQUENCY('WK1:WK5'!C24,0),2)),0) -> 66 | H25: =ROUNDDOWN(SUM('WK1:WK5'!D24)/MAX(1,INDEX(FREQUENCY('WK1:WK5'!D24,0),2)),0) -> 61 | I25: =SUM(F25:H25) -> 169 | J25: =SUM('WK1:WK5'!O24) -> 2 | K25: =IF(AND((SUM([1]Summary!J25,J25)>0),[1]Summary!I25>0),(I25-(([1]Summary!I25-[1]Summary!J25)-(L25*([1]Summary!I25-[1]Summary!J25))))/(IF(SUM([1]Summary!J25,J25)>0,[1]Summary!J25+J25,0)),0%) -> 0.33333333 | L25: =IF(([1]Summary!I25)>0,(([1]Summary!I25-[1]Summary!J25)-(I25-J25))/(([1]Summary!I25-[1]Summary!J25)),100%) -> -0.19285714 | M25: =IF(I25=0,0%,IF((I25-[2]Sheet1!$G21+([2]Sheet1!$J21/12*1))=0, 0%,(I25-[2]Sheet1!$G21+([2]Sheet1!$J21/12*1))/([2]Sheet1!$G21+([2]Sheet1!$J21/12*1)))) -> -0.21353672 | N25: =SUM('WK1:WK5'!M24) -> 233155 | O25: =(SUM('WK1:WK5'!M24)/MAX(1,INDEX(FREQUENCY('WK1:WK5'!M24,0),2)))/IF(F25+G25>0,F25+G25,"1") -> 539.71065 | P25: =SUM(IF(SUM('WK1:WK5'!J24)>0,SUM('WK1:WK5'!T24)/((SUM('WK1:WK5'!J24)+SUM('WK1:WK5'!K24)+SUM('WK1:WK5'!P24))*0.3),0%),IF(SUM('WK1:WK5'!J24)>0,SUM('WK1:WK5'!U24)/((SUM('WK1:WK5'!J24)+SUM('WK1:WK5'!K24)+SUM('WK1:WK5'!P24))*0.1),0%),IF(SUM('WK1:WK5'!J24)>0,SUM('WK1:WK5'!V24)/((SUM('WK1:WK5'!J24)+SUM('WK1:WK5'!K24)+SUM('WK1:WK5'!P24))*0.3),0%)) -> 0 | Q25: =SUM('WK1:WK5'!Z24)/MAX(1,INDEX(FREQUENCY('WK1:WK5'!Z24,0),2)) -> 0 | R25: =IF(I25>0,SUM('WK1:WK5'!AE24)/MAX(1,INDEX(FREQUENCY('WK1:WK5'!AE24,0),2))/I25,0) -> 0 | S25: =RANK($J25,(J_Love,J_Maranatha,J_Goodnews,J_Heritage,J_Oyigbo,J_Revival)) -> 9 | T25: =RANK($K25,(K_Love,K_Maranatha,K_Goodnews,K_Heritage,K_Oyigbo,K_Revival)) -> 10 | U25: =RANK($L25,(L_Love,L_Maranatha,L_Goodnews,L_Heritage,L_Oyigbo,L_Revival),1) -> 11 | V25: =RANK($M25,(M_Love,M_Maranatha,M_Goodnews,M_Heritage,M_Oyigbo,M_Revival)) -> 34 | W25: =RANK($O25,(O_Love,O_Maranatha,O_Goodnews,O_Heritage,O_Oyigbo,O_Revival)) -> 6 | X25: =RANK($P25,(P_Love,P_Maranatha,P_Goodnews,P_Heritage,P_Oyigbo,P_Revival)) -> 1 | Y25: =RANK($Q25,(Q_Love,Q_Maranatha,Q_Goodnews,Q_Heritage,Q_Oyigbo,Q_Revival)) -> 1 | Z25: =RANK($R25,(R_Love,R_Maranatha,R_Goodnews,R_Heritage,R_Oyigbo,R_Revival)) -> 1 | AA25: =SUM(S25:Z25) -> 73 | AB25: =RANK(AA25,(AD_Love,AD_Maranatha,AD_Goodnews,AD_Heritage,AD_Oyigbo,AD_Revival),1) -> 14
B26: Eleme | C26: 9057050605 | D26: Pst. Alex Eneremadu | E26: Convenant House | F26: =ROUNDDOWN(SUM('WK1:WK5'!B25)/MAX(1,INDEX(FREQUENCY('WK1:WK5'!B25,0),2)),0) -> 9 | G26: =ROUNDDOWN(SUM('WK1:WK5'!C25)/MAX(1,INDEX(FREQUENCY('WK1:WK5'!C25,0),2)),0) -> 8 | H26: =ROUNDDOWN(SUM('WK1:WK5'!D25)/MAX(1,INDEX(FREQUENCY('WK1:WK5'!D25,0),2)),0) -> 10 | I26: =SUM(F26:H26) -> 27 | J26: =SUM('WK1:WK5'!O25) -> 3 | K26: =IF(AND((SUM([1]Summary!J26,J26)>0),[1]Summary!I26>0),(I26-(([1]Summary!I26-[1]Summary!J26)-(L26*([1]Summary!I26-[1]Summary!J26))))/(IF(SUM([1]Summary!J26,J26)>0,[1]Summary!J26+J26,0)),0%) -> 0.6 | L26: =IF(([1]Summary!I26)>0,(([1]Summary!I26-[1]Summary!J26)-(I26-J26))/(([1]Summary!I26-[1]Summary!J26)),100%) -> -0.26315789 | M26: =IF(I26=0,0%,IF((I26-[2]Sheet1!$G22+([2]Sheet1!$J22/12*1))=0, 0%,(I26-[2]Sheet1!$G22+([2]Sheet1!$J22/12*1))/([2]Sheet1!$G22+([2]Sheet1!$J22/12*1)))) -> -0.015821699 | N26: =SUM('WK1:WK5'!M25) -> 38940 | O26: =(SUM('WK1:WK5'!M25)/MAX(1,INDEX(FREQUENCY('WK1:WK5'!M25,0),2)))/IF(F26+G26>0,F26+G26,"1") -> 572.64706 | P26: =SUM(IF(SUM('WK1:WK5'!J25)>0,SUM('WK1:WK5'!T25)/((SUM('WK1:WK5'!J25)+SUM('WK1:WK5'!K25)+SUM('WK1:WK5'!P25))*0.3),0%),IF(SUM('WK1:WK5'!J25)>0,SUM('WK1:WK5'!U25)/((SUM('WK1:WK5'!J25)+SUM('WK1:WK5'!K25)+SUM('WK1:WK5'!P25))*0.1),0%),IF(SUM('WK1:WK5'!J25)>0,SUM('WK1:WK5'!V25)/((SUM('WK1:WK5'!J25)+SUM('WK1:WK5'!K25)+SUM('WK1:WK5'!P25))*0.3),0%)) -> 0 | Q26: =SUM('WK1:WK5'!Z25)/MAX(1,INDEX(FREQUENCY('WK1:WK5'!Z25,0),2)) -> 0 | R26: =IF(I26>0,SUM('WK1:WK5'!AE25)/MAX(1,INDEX(FREQUENCY('WK1:WK5'!AE25,0),2))/I26,0) -> 0 | S26: =RANK($J26,(J_Love,J_Maranatha,J_Goodnews,J_Heritage,J_Oyigbo,J_Revival)) -> 8 | T26: =RANK($K26,(K_Love,K_Maranatha,K_Goodnews,K_Heritage,K_Oyigbo,K_Revival)) -> 7 | U26: =RANK($L26,(L_Love,L_Maranatha,L_Goodnews,L_Heritage,L_Oyigbo,L_Revival),1) -> 7 | V26: =RANK($M26,(M_Love,M_Maranatha,M_Goodnews,M_Heritage,M_Oyigbo,M_Revival)) -> 22 | W26: =RANK($O26,(O_Love,O_Maranatha,O_Goodnews,O_Heritage,O_Oyigbo,O_Revival)) -> 4 | X26: =RANK($P26,(P_Love,P_Maranatha,P_Goodnews,P_Heritage,P_Oyigbo,P_Revival)) -> 1 | Y26: =RANK($Q26,(Q_Love,Q_Maranatha,Q_Goodnews,Q_Heritage,Q_Oyigbo,Q_Revival)) -> 1 | Z26: =RANK($R26,(R_Love,R_Maranatha,R_Goodnews,R_Heritage,R_Oyigbo,R_Revival)) -> 1 | AA26: =SUM(S26:Z26) -> 51 | AB26: =RANK(AA26,(AD_Love,AD_Maranatha,AD_Goodnews,AD_Heritage,AD_Oyigbo,AD_Revival),1) -> 3
B27: TOTAL | F27: =SUM(F23:F26) -> 70 | G27: =SUM(G23:G26) -> 111 | H27: =SUM(H23:H26) -> 118 | I27: =SUM(I23:I26) -> 299 | J27: =SUM(J23:J26) -> 5 | K27: =IF(SUM(K23:K26)>0,AVERAGEIF(K23:K26,"<>0"),0) -> 0.46666667 | L27: =IF(SUM(L23:L26)=0,100%,AVERAGEIF(L23:L26,"<>0")) -> 0.07197185 | M27: =IF(SUM(M23:M26)=0,0%,AVERAGEIF(M23:M26,"<>0")) -> -0.14411165 | N27: =SUM(N23:N26) -> 394455 | O27: =IF(SUM(O23:O26)>0,AVERAGEIF(O23:O26,"<>0"),0) -> 552.86924 | P27: =IF(SUM(P23:P26)>0,AVERAGEIF(P23:P26,"<>0"),0%) -> 0 | Q27: =IF(SUM(Q23:Q26)>0,AVERAGEIF(Q23:Q26,"<>0"),0) -> 0 | R27: =IF(SUM(R23:R26)>0,AVERAGEIF(R23:R26,"<>0"),0) -> 0 | S27: =RANK($J27,J_Zone) -> 4 | T27: =RANK($K27,K_Zone) -> 4 | U27: =RANK($L27,L_Zone) -> 2 | V27: =RANK($M27,M_Zone) -> 6 | W27: =RANK($O27,O_Zone) -> 2 | X27: =RANK($P27,P_Zone) -> 1 | Y27: =RANK($Q27,Q_Zone) -> 1 | Z27: =RANK($R27,R_Zone) -> 1 | AA27: =SUM(S27:Z27) -> 21 | AB27: =RANK(AA27,AD_Zone,1) -> 3
A28: Oyigbo [Pst. Vincent Otebele] | B28: Umuebelu IV | C28: 8037239097 | D28: Pst. Patrick Anaelechi | E28: I - care | F28: =ROUNDDOWN(SUM('WK1:WK5'!B27)/MAX(1,INDEX(FREQUENCY('WK1:WK5'!B27,0),2)),0) -> 29 | G28: =ROUNDDOWN(SUM('WK1:WK5'!C27)/MAX(1,INDEX(FREQUENCY('WK1:WK5'!C27,0),2)),0) -> 30 | H28: =ROUNDDOWN(SUM('WK1:WK5'!D27)/MAX(1,INDEX(FREQUENCY('WK1:WK5'!D27,0),2)),0) -> 44 | I28: =SUM(F28:H28) -> 103 | J28: =SUM('WK1:WK5'!O27) -> 12 | K28: =IF(AND((SUM([1]Summary!J28,J28)>0),[1]Summary!I28>0),(I28-(([1]Summary!I28-[1]Summary!J28)-(L28*([1]Summary!I28-[1]Summary!J28))))/(IF(SUM([1]Summary!J28,J28)>0,[1]Summary!J28+J28,0)),0%) -> 0.85714286 | L28: =IF(([1]Summary!I28)>0,(([1]Summary!I28-[1]Summary!J28)-(I28-J28))/(([1]Summary!I28-[1]Summary!J28)),100%) -> -0.083333333 | M28: =IF(I28=0,0%,IF((I28-[2]Sheet1!$G24+([2]Sheet1!$J24/12*1))=0, 0%,(I28-[2]Sheet1!$G24+([2]Sheet1!$J24/12*1))/([2]Sheet1!$G24+([2]Sheet1!$J24/12*1)))) -> 0.16415407 | N28: =SUM('WK1:WK5'!M27) -> 68540 | O28: =(SUM('WK1:WK5'!M27)/MAX(1,INDEX(FREQUENCY('WK1:WK5'!M27,0),2)))/IF(F28+G28>0,F28+G28,"1") -> 290.42373 | P28: =SUM(IF(SUM('WK1:WK5'!J27)>0,SUM('WK1:WK5'!T27)/((SUM('WK1:WK5'!J27)+SUM('WK1:WK5'!K27)+SUM('WK1:WK5'!P27))*0.3),0%),IF(SUM('WK1:WK5'!J27)>0,SUM('WK1:WK5'!U27)/((SUM('WK1:WK5'!J27)+SUM('WK1:WK5'!K27)+SUM('WK1:WK5'!P27))*0.1),0%),IF(SUM('WK1:WK5'!J27)>0,SUM('WK1:WK5'!V27)/((SUM('WK1:WK5'!J27)+SUM('WK1:WK5'!K27)+SUM('WK1:WK5'!P27))*0.3),0%)) -> 0 | Q28: =SUM('WK1:WK5'!Z27)/MAX(1,INDEX(FREQUENCY('WK1:WK5'!Z27,0),2)) -> 0 | R28: =IF(I28>0,SUM('WK1:WK5'!AE27)/MAX(1,INDEX(FREQUENCY('WK1:WK5'!AE27,0),2))/I28,0) -> 0 | S28: =RANK($J28,(J_Love,J_Maranatha,J_Goodnews,J_Heritage,J_Oyigbo,J_Revival)) -> 2 | T28: =RANK($K28,(K_Love,K_Maranatha,K_Goodnews,K_Heritage,K_Oyigbo,K_Revival)) -> 4 | U28: =RANK($L28,(L_Love,L_Maranatha,L_Goodnews,L_Heritage,L_Oyigbo,L_Revival),1) -> 17 | V28: =RANK($M28,(M_Love,M_Maranatha,M_Goodnews,M_Heritage,M_Oyigbo,M_Revival)) -> 4 | W28: =RANK($O28,(O_Love,O_Maranatha,O_Goodnews,O_Heritage,O_Oyigbo,O_Revival)) -> 19 | X28: =RANK($P28,(P_Love,P_Maranatha,P_Goodnews,P_Heritage,P_Oyigbo,P_Revival)) -> 1 | Y28: =RANK($Q28,(Q_Love,Q_Maranatha,Q_Goodnews,Q_Heritage,Q_Oyigbo,Q_Revival)) -> 1 | Z28: =RANK($R28,(R_Love,R_Maranatha,R_Goodnews,R_Heritage,R_Oyigbo,R_Revival)) -> 1 | AA28: =SUM(S28:Z28) -> 49 | AB28: =RANK(AA28,(AD_Love,AD_Maranatha,AD_Goodnews,AD_Heritage,AD_Oyigbo,AD_Revival),1) -> 2
B29: Imo River | C29: 8037081352 | D29: Pst. Chimezie Lewechi | E29: Favour | F29: =ROUNDDOWN(SUM('WK1:WK5'!B28)/MAX(1,INDEX(FREQUENCY('WK1:WK5'!B28,0),2)),0) -> 3 | G29: =ROUNDDOWN(SUM('WK1:WK5'!C28)/MAX(1,INDEX(FREQUENCY('WK1:WK5'!C28,0),2)),0) -> 13 | H29: =ROUNDDOWN(SUM('WK1:WK5'!D28)/MAX(1,INDEX(FREQUENCY('WK1:WK5'!D28,0),2)),0) -> 18 | I29: =SUM(F29:H29) -> 34 | J29: =SUM('WK1:WK5'!O28) -> 0 | K29: =IF(AND((SUM([1]Summary!J29,J29)>0),[1]Summary!I29>0),(I29-(([1]Summary!I29-[1]Summary!J29)-(L29*([1]Summary!I29-[1]Summary!J29))))/(IF(SUM([1]Summary!J29,J29)>0,[1]Summary!J29+J29,0)),0%) -> 0 | L29: =IF(([1]Summary!I29)>0,(([1]Summary!I29-[1]Summary!J29)-(I29-J29))/(([1]Summary!I29-[1]Summary!J29)),100%) -> -0.13333333 | M29: =IF(I29=0,0%,IF((I29-[2]Sheet1!$G25+([2]Sheet1!$J25/12*1))=0, 0%,(I29-[2]Sheet1!$G25+([2]Sheet1!$J25/12*1))/([2]Sheet1!$G25+([2]Sheet1!$J25/12*1)))) -> -0.34998492 | N29: =SUM('WK1:WK5'!M28) -> 16330 | O29: =(SUM('WK1:WK5'!M28)/MAX(1,INDEX(FREQUENCY('WK1:WK5'!M28,0),2)))/IF(F29+G29>0,F29+G29,"1") -> 255.15625 | P29: =SUM(IF(SUM('WK1:WK5'!J28)>0,SUM('WK1:WK5'!T28)/((SUM('WK1:WK5'!J28)+SUM('WK1:WK5'!K28)+SUM('WK1:WK5'!P28))*0.3),0%),IF(SUM('WK1:WK5'!J28)>0,SUM('WK1:WK5'!U28)/((SUM('WK1:WK5'!J28)+SUM('WK1:WK5'!K28)+SUM('WK1:WK5'!P28))*0.1),0%),IF(SUM('WK1:WK5'!J28)>0,SUM('WK1:WK5'!V28)/((SUM('WK1:WK5'!J28)+SUM('WK1:WK5'!K28)+SUM('WK1:WK5'!P28))*0.3),0%)) -> 0 | Q29: =SUM('WK1:WK5'!Z28)/MAX(1,INDEX(FREQUENCY('WK1:WK5'!Z28,0),2)) -> 0 | R29: =IF(I29>0,SUM('WK1:WK5'!AE28)/MAX(1,INDEX(FREQUENCY('WK1:WK5'!AE28,0),2))/I29,0) -> 0 | S29: =RANK($J29,(J_Love,J_Maranatha,J_Goodnews,J_Heritage,J_Oyigbo,J_Revival)) -> 17 | T29: =RANK($K29,(K_Love,K_Maranatha,K_Goodnews,K_Heritage,K_Oyigbo,K_Revival)) -> 17 | U29: =RANK($L29,(L_Love,L_Maranatha,L_Goodnews,L_Heritage,L_Oyigbo,L_Revival),1) -> 16 | V29: =RANK($M29,(M_Love,M_Maranatha,M_Goodnews,M_Heritage,M_Oyigbo,M_Revival)) -> 37 | W29: =RANK($O29,(O_Love,O_Maranatha,O_Goodnews,O_Heritage,O_Oyigbo,O_Revival)) -> 23 | X29: =RANK($P29,(P_Love,P_Maranatha,P_Goodnews,P_Heritage,P_Oyigbo,P_Revival)) -> 1 | Y29: =RANK($Q29,(Q_Love,Q_Maranatha,Q_Goodnews,Q_Heritage,Q_Oyigbo,Q_Revival)) -> 1 | Z29: =RANK($R29,(R_Love,R_Maranatha,R_Goodnews,R_Heritage,R_Oyigbo,R_Revival)) -> 1 | AA29: =SUM(S29:Z29) -> 113 | AB29: =RANK(AA29,(AD_Love,AD_Maranatha,AD_Goodnews,AD_Heritage,AD_Oyigbo,AD_Revival),1) -> 38
B30: Location Rd Oyigbo | C30: 8033011811 | D30: Pst. Vincent Otebele | E30: Praise | F30: =ROUNDDOWN(SUM('WK1:WK5'!B29)/MAX(1,INDEX(FREQUENCY('WK1:WK5'!B29,0),2)),0) -> 30 | G30: =ROUNDDOWN(SUM('WK1:WK5'!C29)/MAX(1,INDEX(FREQUENCY('WK1:WK5'!C29,0),2)),0) -> 45 | H30: =ROUNDDOWN(SUM('WK1:WK5'!D29)/MAX(1,INDEX(FREQUENCY('WK1:WK5'!D29,0),2)),0) -> 41 | I30: =SUM(F30:H30) -> 116 | J30: =SUM('WK1:WK5'!O29) -> 10 | K30: =IF(AND((SUM([1]Summary!J30,J30)>0),[1]Summary!I30>0),(I30-(([1]Summary!I30-[1]Summary!J30)-(L30*([1]Summary!I30-[1]Summary!J30))))/(IF(SUM([1]Summary!J30,J30)>0,[1]Summary!J30+J30,0)),0%) -> 0.71428571 | L30: =IF(([1]Summary!I30)>0,(([1]Summary!I30-[1]Summary!J30)-(I30-J30))/(([1]Summary!I30-[1]Summary!J30)),100%) -> 0.0093457944 | M30: =IF(I30=0,0%,IF((I30-[2]Sheet1!$G26+([2]Sheet1!$J26/12*1))=0, 0%,(I30-[2]Sheet1!$G26+([2]Sheet1!$J26/12*1))/([2]Sheet1!$G26+([2]Sheet1!$J26/12*1)))) -> -0.082174147 | N30: =SUM('WK1:WK5'!M29) -> 75770 | O30: =(SUM('WK1:WK5'!M29)/MAX(1,INDEX(FREQUENCY('WK1:WK5'!M29,0),2)))/IF(F30+G30>0,F30+G30,"1") -> 252.56667 | P30: =SUM(IF(SUM('WK1:WK5'!J29)>0,SUM('WK1:WK5'!T29)/((SUM('WK1:WK5'!J29)+SUM('WK1:WK5'!K29)+SUM('WK1:WK5'!P29))*0.3),0%),IF(SUM('WK1:WK5'!J29)>0,SUM('WK1:WK5'!U29)/((SUM('WK1:WK5'!J29)+SUM('WK1:WK5'!K29)+SUM('WK1:WK5'!P29))*0.1),0%),IF(SUM('WK1:WK5'!J29)>0,SUM('WK1:WK5'!V29)/((SUM('WK1:WK5'!J29)+SUM('WK1:WK5'!K29)+SUM('WK1:WK5'!P29))*0.3),0%)) -> 0 | Q30: =SUM('WK1:WK5'!Z29)/MAX(1,INDEX(FREQUENCY('WK1:WK5'!Z29,0),2)) -> 0 | R30: =IF(I30>0,SUM('WK1:WK5'!AE29)/MAX(1,INDEX(FREQUENCY('WK1:WK5'!AE29,0),2))/I30,0) -> 0 | S30: =RANK($J30,(J_Love,J_Maranatha,J_Goodnews,J_Heritage,J_Oyigbo,J_Revival)) -> 3 | T30: =RANK($K30,(K_Love,K_Maranatha,K_Goodnews,K_Heritage,K_Oyigbo,K_Revival)) -> 6 | U30: =RANK($L30,(L_Love,L_Maranatha,L_Goodnews,L_Heritage,L_Oyigbo,L_Revival),1) -> 21 | V30: =RANK($M30,(M_Love,M_Maranatha,M_Goodnews,M_Heritage,M_Oyigbo,M_Revival)) -> 24 | W30: =RANK($O30,(O_Love,O_Maranatha,O_Goodnews,O_Heritage,O_Oyigbo,O_Revival)) -> 24 | X30: =RANK($P30,(P_Love,P_Maranatha,P_Goodnews,P_Heritage,P_Oyigbo,P_Revival)) -> 1 | Y30: =RANK($Q30,(Q_Love,Q_Maranatha,Q_Goodnews,Q_Heritage,Q_Oyigbo,Q_Revival)) -> 1 | Z30: =RANK($R30,(R_Love,R_Maranatha,R_Goodnews,R_Heritage,R_Oyigbo,R_Revival)) -> 1 | AA30: =SUM(S30:Z30) -> 81 | AB30: =RANK(AA30,(AD_Love,AD_Maranatha,AD_Goodnews,AD_Heritage,AD_Oyigbo,AD_Revival),1) -> 17
B31: Pipe Line Oyigbo | C31: 8036666983 | D31: Pst. Gregory Omonribhor | E31: Restoration | F31: =ROUNDDOWN(SUM('WK1:WK5'!B30)/MAX(1,INDEX(FREQUENCY('WK1:WK5'!B30,0),2)),0) -> 13 | G31: =ROUNDDOWN(SUM('WK1:WK5'!C30)/MAX(1,INDEX(FREQUENCY('WK1:WK5'!C30,0),2)),0) -> 29 | H31: =ROUNDDOWN(SUM('WK1:WK5'!D30)/MAX(1,INDEX(FREQUENCY('WK1:WK5'!D30,0),2)),0) -> 48 | I31: =SUM(F31:H31) -> 90 | J31: =SUM('WK1:WK5'!O30) -> 0 | K31: =IF(AND((SUM([1]Summary!J31,J31)>0),[1]Summary!I31>0),(I31-(([1]Summary!I31-[1]Summary!J31)-(L31*([1]Summary!I31-[1]Summary!J31))))/(IF(SUM([1]Summary!J31,J31)>0,[1]Summary!J31+J31,0)),0%) -> 0 | L31: =IF(([1]Summary!I31)>0,(([1]Summary!I31-[1]Summary!J31)-(I31-J31))/(([1]Summary!I31-[1]Summary!J31)),100%) -> -0.23287671 | M31: =IF(I31=0,0%,IF((I31-[2]Sheet1!$G27+([2]Sheet1!$J27/12*1))=0, 0%,(I31-[2]Sheet1!$G27+([2]Sheet1!$J27/12*1))/([2]Sheet1!$G27+([2]Sheet1!$J27/12*1)))) -> -0.091899569 | N31: =SUM('WK1:WK5'!M30) -> 18690 | O31: =(SUM('WK1:WK5'!M30)/MAX(1,INDEX(FREQUENCY('WK1:WK5'!M30,0),2)))/IF(F31+G31>0,F31+G31,"1") -> 222.5 | P31: =SUM(IF(SUM('WK1:WK5'!J30)>0,SUM('WK1:WK5'!T30)/((SUM('WK1:WK5'!J30)+SUM('WK1:WK5'!K30)+SUM('WK1:WK5'!P30))*0.3),0%),IF(SUM('WK1:WK5'!J30)>0,SUM('WK1:WK5'!U30)/((SUM('WK1:WK5'!J30)+SUM('WK1:WK5'!K30)+SUM('WK1:WK5'!P30))*0.1),0%),IF(SUM('WK1:WK5'!J30)>0,SUM('WK1:WK5'!V30)/((SUM('WK1:WK5'!J30)+SUM('WK1:WK5'!K30)+SUM('WK1:WK5'!P30))*0.3),0%)) -> 0 | Q31: =SUM('WK1:WK5'!Z30)/MAX(1,INDEX(FREQUENCY('WK1:WK5'!Z30,0),2)) -> 0 | R31: =IF(I31>0,SUM('WK1:WK5'!AE30)/MAX(1,INDEX(FREQUENCY('WK1:WK5'!AE30,0),2))/I31,0) -> 0 | S31: =RANK($J31,(J_Love,J_Maranatha,J_Goodnews,J_Heritage,J_Oyigbo,J_Revival)) -> 17 | T31: =RANK($K31,(K_Love,K_Maranatha,K_Goodnews,K_Heritage,K_Oyigbo,K_Revival)) -> 17 | U31: =RANK($L31,(L_Love,L_Maranatha,L_Goodnews,L_Heritage,L_Oyigbo,L_Revival),1) -> 10 | V31: =RANK($M31,(M_Love,M_Maranatha,M_Goodnews,M_Heritage,M_Oyigbo,M_Revival)) -> 25 | W31: =RANK($O31,(O_Love,O_Maranatha,O_Goodnews,O_Heritage,O_Oyigbo,O_Revival)) -> 26 | X31: =RANK($P31,(P_Love,P_Maranatha,P_Goodnews,P_Heritage,P_Oyigbo,P_Revival)) -> 1 | Y31: =RANK($Q31,(Q_Love,Q_Maranatha,Q_Goodnews,Q_Heritage,Q_Oyigbo,Q_Revival)) -> 1 | Z31: =RANK($R31,(R_Love,R_Maranatha,R_Goodnews,R_Heritage,R_Oyigbo,R_Revival)) -> 1 | AA31: =SUM(S31:Z31) -> 98 | AB31: =RANK(AA31,(AD_Love,AD_Maranatha,AD_Goodnews,AD_Heritage,AD_Oyigbo,AD_Revival),1) -> 23
B32: Kom-kom Oyigbo | C32: 8065956392 | D32: Pst. Peter Omoko | E32: Royal Tabernacle | F32: =ROUNDDOWN(SUM('WK1:WK5'!B31)/MAX(1,INDEX(FREQUENCY('WK1:WK5'!B31,0),2)),0) -> 7 | G32: =ROUNDDOWN(SUM('WK1:WK5'!C31)/MAX(1,INDEX(FREQUENCY('WK1:WK5'!C31,0),2)),0) -> 12 | H32: =ROUNDDOWN(SUM('WK1:WK5'!D31)/MAX(1,INDEX(FREQUENCY('WK1:WK5'!D31,0),2)),0) -> 23 | I32: =SUM(F32:H32) -> 42 | J32: =SUM('WK1:WK5'!O31) -> 2 | K32: =IF(AND((SUM([1]Summary!J32,J32)>0),[1]Summary!I32>0),(I32-(([1]Summary!I32-[1]Summary!J32)-(L32*([1]Summary!I32-[1]Summary!J32))))/(IF(SUM([1]Summary!J32,J32)>0,[1]Summary!J32+J32,0)),0%) -> 0.28571429 | L32: =IF(([1]Summary!I32)>0,(([1]Summary!I32-[1]Summary!J32)-(I32-J32))/(([1]Summary!I32-[1]Summary!J32)),100%) -> -0.052631579 | M32: =IF(I32=0,0%,IF((I32-[2]Sheet1!$G28+([2]Sheet1!$J28/12*1))=0, 0%,(I32-[2]Sheet1!$G28+([2]Sheet1!$J28/12*1))/([2]Sheet1!$G28+([2]Sheet1!$J28/12*1)))) -> -0.51271655 | N32: =SUM('WK1:WK5'!M31) -> 13550 | O32: =(SUM('WK1:WK5'!M31)/MAX(1,INDEX(FREQUENCY('WK1:WK5'!M31,0),2)))/IF(F32+G32>0,F32+G32,"1") -> 178.28947 | P32: =SUM(IF(SUM('WK1:WK5'!J31)>0,SUM('WK1:WK5'!T31)/((SUM('WK1:WK5'!J31)+SUM('WK1:WK5'!K31)+SUM('WK1:WK5'!P31))*0.3),0%),IF(SUM('WK1:WK5'!J31)>0,SUM('WK1:WK5'!U31)/((SUM('WK1:WK5'!J31)+SUM('WK1:WK5'!K31)+SUM('WK1:WK5'!P31))*0.1),0%),IF(SUM('WK1:WK5'!J31)>0,SUM('WK1:WK5'!V31)/((SUM('WK1:WK5'!J31)+SUM('WK1:WK5'!K31)+SUM('WK1:WK5'!P31))*0.3),0%)) -> 0 | Q32: =SUM('WK1:WK5'!Z31)/MAX(1,INDEX(FREQUENCY('WK1:WK5'!Z31,0),2)) -> 0 | R32: =IF(I32>0,SUM('WK1:WK5'!AE31)/MAX(1,INDEX(FREQUENCY('WK1:WK5'!AE31,0),2))/I32,0) -> 0 | S32: =RANK($J32,(J_Love,J_Maranatha,J_Goodnews,J_Heritage,J_Oyigbo,J_Revival)) -> 9 | T32: =RANK($K32,(K_Love,K_Maranatha,K_Goodnews,K_Heritage,K_Oyigbo,K_Revival)) -> 12 | U32: =RANK($L32,(L_Love,L_Maranatha,L_Goodnews,L_Heritage,L_Oyigbo,L_Revival),1) -> 18 | V32: =RANK($M32,(M_Love,M_Maranatha,M_Goodnews,M_Heritage,M_Oyigbo,M_Revival)) -> 39 | W32: =RANK($O32,(O_Love,O_Maranatha,O_Goodnews,O_Heritage,O_Oyigbo,O_Revival)) -> 28 | X32: =RANK($P32,(P_Love,P_Maranatha,P_Goodnews,P_Heritage,P_Oyigbo,P_Revival)) -> 1 | Y32: =RANK($Q32,(Q_Love,Q_Maranatha,Q_Goodnews,Q_Heritage,Q_Oyigbo,Q_Revival)) -> 1 | Z32: =RANK($R32,(R_Love,R_Maranatha,R_Goodnews,R_Heritage,R_Oyigbo,R_Revival)) -> 1 | AA32: =SUM(S32:Z32) -> 109 | AB32: =RANK(AA32,(AD_Love,AD_Maranatha,AD_Goodnews,AD_Heritage,AD_Oyigbo,AD_Revival),1) -> 37
B33: Uzuaku Town Asa | C33: 8169526750 | D33: Pst. Maxwell Eugene C. | E33: Salem | F33: =ROUNDDOWN(SUM('WK1:WK5'!B32)/MAX(1,INDEX(FREQUENCY('WK1:WK5'!B32,0),2)),0) -> 19 | G33: =ROUNDDOWN(SUM('WK1:WK5'!C32)/MAX(1,INDEX(FREQUENCY('WK1:WK5'!C32,0),2)),0) -> 13 | H33: =ROUNDDOWN(SUM('WK1:WK5'!D32)/MAX(1,INDEX(FREQUENCY('WK1:WK5'!D32,0),2)),0) -> 37 | I33: =SUM(F33:H33) -> 69 | J33: =SUM('WK1:WK5'!O32) -> 0 | K33: =IF(AND((SUM([1]Summary!J33,J33)>0),[1]Summary!I33>0),(I33-(([1]Summary!I33-[1]Summary!J33)-(L33*([1]Summary!I33-[1]Summary!J33))))/(IF(SUM([1]Summary!J33,J33)>0,[1]Summary!J33+J33,0)),0%) -> 0 | L33: =IF(([1]Summary!I33)>0,(([1]Summary!I33-[1]Summary!J33)-(I33-J33))/(([1]Summary!I33-[1]Summary!J33)),100%) -> -0.18965517 | M33: =IF(I33=0,0%,IF((I33-[2]Sheet1!$G29+([2]Sheet1!$J29/12*1))=0, 0%,(I33-[2]Sheet1!$G29+([2]Sheet1!$J29/12*1))/([2]Sheet1!$G29+([2]Sheet1!$J29/12*1)))) -> -0.10062895 | N33: =SUM('WK1:WK5'!M32) -> 45140 | O33: =(SUM('WK1:WK5'!M32)/MAX(1,INDEX(FREQUENCY('WK1:WK5'!M32,0),2)))/IF(F33+G33>0,F33+G33,"1") -> 352.65625 | P33: =SUM(IF(SUM('WK1:WK5'!J32)>0,SUM('WK1:WK5'!T32)/((SUM('WK1:WK5'!J32)+SUM('WK1:WK5'!K32)+SUM('WK1:WK5'!P32))*0.3),0%),IF(SUM('WK1:WK5'!J32)>0,SUM('WK1:WK5'!U32)/((SUM('WK1:WK5'!J32)+SUM('WK1:WK5'!K32)+SUM('WK1:WK5'!P32))*0.1),0%),IF(SUM('WK1:WK5'!J32)>0,SUM('WK1:WK5'!V32)/((SUM('WK1:WK5'!J32)+SUM('WK1:WK5'!K32)+SUM('WK1:WK5'!P32))*0.3),0%)) -> 0 | Q33: =SUM('WK1:WK5'!Z32)/MAX(1,INDEX(FREQUENCY('WK1:WK5'!Z32,0),2)) -> 0 | R33: =IF(I33>0,SUM('WK1:WK5'!AE32)/MAX(1,INDEX(FREQUENCY('WK1:WK5'!AE32,0),2))/I33,0) -> 0 | S33: =RANK($J33,(J_Love,J_Maranatha,J_Goodnews,J_Heritage,J_Oyigbo,J_Revival)) -> 17 | T33: =RANK($K33,(K_Love,K_Maranatha,K_Goodnews,K_Heritage,K_Oyigbo,K_Revival)) -> 17 | U33: =RANK($L33,(L_Love,L_Maranatha,L_Goodnews,L_Heritage,L_Oyigbo,L_Revival),1) -> 12 | V33: =RANK($M33,(M_Love,M_Maranatha,M_Goodnews,M_Heritage,M_Oyigbo,M_Revival)) -> 26 | W33: =RANK($O33,(O_Love,O_Maranatha,O_Goodnews,O_Heritage,O_Oyigbo,O_Revival)) -> 14 | X33: =RANK($P33,(P_Love,P_Maranatha,P_Goodnews,P_Heritage,P_Oyigbo,P_Revival)) -> 1 | Y33: =RANK($Q33,(Q_Love,Q_Maranatha,Q_Goodnews,Q_Heritage,Q_Oyigbo,Q_Revival)) -> 1 | Z33: =RANK($R33,(R_Love,R_Maranatha,R_Goodnews,R_Heritage,R_Oyigbo,R_Revival)) -> 1 | AA33: =SUM(S33:Z33) -> 89 | AB33: =RANK(AA33,(AD_Love,AD_Maranatha,AD_Goodnews,AD_Heritage,AD_Oyigbo,AD_Revival),1) -> 20
B34: Iriebe Oyigbo | C34: 7064855926 | D34: Pst. Tony Otigbuo | E34: City of Truth | F34: =ROUNDDOWN(SUM('WK1:WK5'!B33)/MAX(1,INDEX(FREQUENCY('WK1:WK5'!B33,0),2)),0) -> 24 | G34: =ROUNDDOWN(SUM('WK1:WK5'!C33)/MAX(1,INDEX(FREQUENCY('WK1:WK5'!C33,0),2)),0) -> 31 | H34: =ROUNDDOWN(SUM('WK1:WK5'!D33)/MAX(1,INDEX(FREQUENCY('WK1:WK5'!D33,0),2)),0) -> 28 | I34: =SUM(F34:H34) -> 83 | J34: =SUM('WK1:WK5'!O33) -> 10 | K34: =IF(AND((SUM([1]Summary!J34,J34)>0),[1]Summary!I34>0),(I34-(([1]Summary!I34-[1]Summary!J34)-(L34*([1]Summary!I34-[1]Summary!J34))))/(IF(SUM([1]Summary!J34,J34)>0,[1]Summary!J34+J34,0)),0%) -> 1 | L34: =IF(([1]Summary!I34)>0,(([1]Summary!I34-[1]Summary!J34)-(I34-J34))/(([1]Summary!I34-[1]Summary!J34)),100%) -> -0.042857143 | M34: =IF(I34=0,0%,IF((I34-[2]Sheet1!$G30+([2]Sheet1!$J30/12*1))=0, 0%,(I34-[2]Sheet1!$G30+([2]Sheet1!$J30/12*1))/([2]Sheet1!$G30+([2]Sheet1!$J30/12*1)))) -> 0.047159766 | N34: =SUM('WK1:WK5'!M33) -> 62160 | O34: =(SUM('WK1:WK5'!M33)/MAX(1,INDEX(FREQUENCY('WK1:WK5'!M33,0),2)))/IF(F34+G34>0,F34+G34,"1") -> 282.54545 | P34: =SUM(IF(SUM('WK1:WK5'!J33)>0,SUM('WK1:WK5'!T33)/((SUM('WK1:WK5'!J33)+SUM('WK1:WK5'!K33)+SUM('WK1:WK5'!P33))*0.3),0%),IF(SUM('WK1:WK5'!J33)>0,SUM('WK1:WK5'!U33)/((SUM('WK1:WK5'!J33)+SUM('WK1:WK5'!K33)+SUM('WK1:WK5'!P33))*0.1),0%),IF(SUM('WK1:WK5'!J33)>0,SUM('WK1:WK5'!V33)/((SUM('WK1:WK5'!J33)+SUM('WK1:WK5'!K33)+SUM('WK1:WK5'!P33))*0.3),0%)) -> 0 | Q34: =SUM('WK1:WK5'!Z33)/MAX(1,INDEX(FREQUENCY('WK1:WK5'!Z33,0),2)) -> 0 | R34: =IF(I34>0,SUM('WK1:WK5'!AE33)/MAX(1,INDEX(FREQUENCY('WK1:WK5'!AE33,0),2))/I34,0) -> 0 | S34: =RANK($J34,(J_Love,J_Maranatha,J_Goodnews,J_Heritage,J_Oyigbo,J_Revival)) -> 3 | T34: =RANK($K34,(K_Love,K_Maranatha,K_Goodnews,K_Heritage,K_Oyigbo,K_Revival)) -> 1 | U34: =RANK($L34,(L_Love,L_Maranatha,L_Goodnews,L_Heritage,L_Oyigbo,L_Revival),1) -> 19 | V34: =RANK($M34,(M_Love,M_Maranatha,M_Goodnews,M_Heritage,M_Oyigbo,M_Revival)) -> 8 | W34: =RANK($O34,(O_Love,O_Maranatha,O_Goodnews,O_Heritage,O_Oyigbo,O_Revival)) -> 21 | X34: =RANK($P34,(P_Love,P_Maranatha,P_Goodnews,P_Heritage,P_Oyigbo,P_Revival)) -> 1 | Y34: =RANK($Q34,(Q_Love,Q_Maranatha,Q_Goodnews,Q_Heritage,Q_Oyigbo,Q_Revival)) -> 1 | Z34: =RANK($R34,(R_Love,R_Maranatha,R_Goodnews,R_Heritage,R_Oyigbo,R_Revival)) -> 1 | AA34: =SUM(S34:Z34) -> 55 | AB34: =RANK(AA34,(AD_Love,AD_Maranatha,AD_Goodnews,AD_Heritage,AD_Oyigbo,AD_Revival),1) -> 5
B35: Afam Rd Oyigbo | C35: 8038882371 | D35: Pst. Austine Emeh | E35: Peculiar | F35: =ROUNDDOWN(SUM('WK1:WK5'!B34)/MAX(1,INDEX(FREQUENCY('WK1:WK5'!B34,0),2)),0) -> 11 | G35: =ROUNDDOWN(SUM('WK1:WK5'!C34)/MAX(1,INDEX(FREQUENCY('WK1:WK5'!C34,0),2)),0) -> 12 | H35: =ROUNDDOWN(SUM('WK1:WK5'!D34)/MAX(1,INDEX(FREQUENCY('WK1:WK5'!D34,0),2)),0) -> 18 | I35: =SUM(F35:H35) -> 41 | J35: =SUM('WK1:WK5'!O34) -> 1 | K35: =IF(AND((SUM([1]Summary!J35,J35)>0),[1]Summary!I35>0),(I35-(([1]Summary!I35-[1]Summary!J35)-(L35*([1]Summary!I35-[1]Summary!J35))))/(IF(SUM([1]Summary!J35,J35)>0,[1]Summary!J35+J35,0)),0%) -> 0.125 | L35: =IF(([1]Summary!I35)>0,(([1]Summary!I35-[1]Summary!J35)-(I35-J35))/(([1]Summary!I35-[1]Summary!J35)),100%) -> -0.25 | M35: =IF(I35=0,0%,IF((I35-[2]Sheet1!$G31+([2]Sheet1!$J31/12*1))=0, 0%,(I35-[2]Sheet1!$G31+([2]Sheet1!$J31/12*1))/([2]Sheet1!$G31+([2]Sheet1!$J31/12*1)))) -> -0.063803907 | N35: =SUM('WK1:WK5'!M34) -> 35575 | O35: =(SUM('WK1:WK5'!M34)/MAX(1,INDEX(FREQUENCY('WK1:WK5'!M34,0),2)))/IF(F35+G35>0,F35+G35,"1") -> 386.68478 | P35: =SUM(IF(SUM('WK1:WK5'!J34)>0,SUM('WK1:WK5'!T34)/((SUM('WK1:WK5'!J34)+SUM('WK1:WK5'!K34)+SUM('WK1:WK5'!P34))*0.3),0%),IF(SUM('WK1:WK5'!J34)>0,SUM('WK1:WK5'!U34)/((SUM('WK1:WK5'!J34)+SUM('WK1:WK5'!K34)+SUM('WK1:WK5'!P34))*0.1),0%),IF(SUM('WK1:WK5'!J34)>0,SUM('WK1:WK5'!V34)/((SUM('WK1:WK5'!J34)+SUM('WK1:WK5'!K34)+SUM('WK1:WK5'!P34))*0.3),0%)) -> 0 | Q35: =SUM('WK1:WK5'!Z34)/MAX(1,INDEX(FREQUENCY('WK1:WK5'!Z34,0),2)) -> 0 | R35: =IF(I35>0,SUM('WK1:WK5'!AE34)/MAX(1,INDEX(FREQUENCY('WK1:WK5'!AE34,0),2))/I35,0) -> 0 | S35: =RANK($J35,(J_Love,J_Maranatha,J_Goodnews,J_Heritage,J_Oyigbo,J_Revival)) -> 13 | T35: =RANK($K35,(K_Love,K_Maranatha,K_Goodnews,K_Heritage,K_Oyigbo,K_Revival)) -> 14 | U35: =RANK($L35,(L_Love,L_Maranatha,L_Goodnews,L_Heritage,L_Oyigbo,L_Revival),1) -> 9 | V35: =RANK($M35,(M_Love,M_Maranatha,M_Goodnews,M_Heritage,M_Oyigbo,M_Revival)) -> 23 | W35: =RANK($O35,(O_Love,O_Maranatha,O_Goodnews,O_Heritage,O_Oyigbo,O_Revival)) -> 12 | X35: =RANK($P35,(P_Love,P_Maranatha,P_Goodnews,P_Heritage,P_Oyigbo,P_Revival)) -> 1 | Y35: =RANK($Q35,(Q_Love,Q_Maranatha,Q_Goodnews,Q_Heritage,Q_Oyigbo,Q_Revival)) -> 1 | Z35: =RANK($R35,(R_Love,R_Maranatha,R_Goodnews,R_Heritage,R_Oyigbo,R_Revival)) -> 1 | AA35: =SUM(S35:Z35) -> 74 | AB35: =RANK(AA35,(AD_Love,AD_Maranatha,AD_Goodnews,AD_Heritage,AD_Oyigbo,AD_Revival),1) -> 15
B36: Palace Rd. Oyigbo | C36: 8055314374 | D36: Pst. Dave Ebhodaghe | E36: Miracle | F36: =ROUNDDOWN(SUM('WK1:WK5'!B35)/MAX(1,INDEX(FREQUENCY('WK1:WK5'!B35,0),2)),0) -> 4 | G36: =ROUNDDOWN(SUM('WK1:WK5'!C35)/MAX(1,INDEX(FREQUENCY('WK1:WK5'!C35,0),2)),0) -> 6 | H36: =ROUNDDOWN(SUM('WK1:WK5'!D35)/MAX(1,INDEX(FREQUENCY('WK1:WK5'!D35,0),2)),0) -> 8 | I36: =SUM(F36:H36) -> 18 | J36: =SUM('WK1:WK5'!O35) -> 0 | K36: =IF(AND((SUM([1]Summary!J36,J36)>0),[1]Summary!I36>0),(I36-(([1]Summary!I36-[1]Summary!J36)-(L36*([1]Summary!I36-[1]Summary!J36))))/(IF(SUM([1]Summary!J36,J36)>0,[1]Summary!J36+J36,0)),0%) -> 0 | L36: =IF(([1]Summary!I36)>0,(([1]Summary!I36-[1]Summary!J36)-(I36-J36))/(([1]Summary!I36-[1]Summary!J36)),100%) -> -0.5 | M36: =IF(I36=0,0%,IF((I36-[2]Sheet1!$G32+([2]Sheet1!$J32/12*1))=0, 0%,(I36-[2]Sheet1!$G32+([2]Sheet1!$J32/12*1))/([2]Sheet1!$G32+([2]Sheet1!$J32/12*1)))) -> -0.21107323 | N36: =SUM('WK1:WK5'!M35) -> 8560 | O36: =(SUM('WK1:WK5'!M35)/MAX(1,INDEX(FREQUENCY('WK1:WK5'!M35,0),2)))/IF(F36+G36>0,F36+G36,"1") -> 285.33333 | P36: =SUM(IF(SUM('WK1:WK5'!J35)>0,SUM('WK1:WK5'!T35)/((SUM('WK1:WK5'!J35)+SUM('WK1:WK5'!K35)+SUM('WK1:WK5'!P35))*0.3),0%),IF(SUM('WK1:WK5'!J35)>0,SUM('WK1:WK5'!U35)/((SUM('WK1:WK5'!J35)+SUM('WK1:WK5'!K35)+SUM('WK1:WK5'!P35))*0.1),0%),IF(SUM('WK1:WK5'!J35)>0,SUM('WK1:WK5'!V35)/((SUM('WK1:WK5'!J35)+SUM('WK1:WK5'!K35)+SUM('WK1:WK5'!P35))*0.3),0%)) -> 0 | Q36: =SUM('WK1:WK5'!Z35)/MAX(1,INDEX(FREQUENCY('WK1:WK5'!Z35,0),2)) -> 0 | R36: =IF(I36>0,SUM('WK1:WK5'!AE35)/MAX(1,INDEX(FREQUENCY('WK1:WK5'!AE35,0),2))/I36,0) -> 0 | S36: =RANK($J36,(J_Love,J_Maranatha,J_Goodnews,J_Heritage,J_Oyigbo,J_Revival)) -> 17 | T36: =RANK($K36,(K_Love,K_Maranatha,K_Goodnews,K_Heritage,K_Oyigbo,K_Revival)) -> 17 | U36: =RANK($L36,(L_Love,L_Maranatha,L_Goodnews,L_Heritage,L_Oyigbo,L_Revival),1) -> 3 | V36: =RANK($M36,(M_Love,M_Maranatha,M_Goodnews,M_Heritage,M_Oyigbo,M_Revival)) -> 33 | W36: =RANK($O36,(O_Love,O_Maranatha,O_Goodnews,O_Heritage,O_Oyigbo,O_Revival)) -> 20 | X36: =RANK($P36,(P_Love,P_Maranatha,P_Goodnews,P_Heritage,P_Oyigbo,P_Revival)) -> 1 | Y36: =RANK($Q36,(Q_Love,Q_Maranatha,Q_Goodnews,Q_Heritage,Q_Oyigbo,Q_Revival)) -> 1 | Z36: =RANK($R36,(R_Love,R_Maranatha,R_Goodnews,R_Heritage,R_Oyigbo,R_Revival)) -> 1 | AA36: =SUM(S36:Z36) -> 93 | AB36: =RANK(AA36,(AD_Love,AD_Maranatha,AD_Goodnews,AD_Heritage,AD_Oyigbo,AD_Revival),1) -> 22
B37: TOTAL | F37: =SUM(F28:F36) -> 140 | G37: =SUM(G28:G36) -> 191 | H37: =SUM(H28:H36) -> 265 | I37: =SUM(I28:I36) -> 596 | J37: =SUM(J28:J36) -> 35 | K37: =IF(SUM(K28:K36)>0,AVERAGEIF(K28:K36,"<>0"),0) -> 0.59642857 | L37: =IF(SUM(L28:L36)=0,100%,AVERAGEIF(L28:L36,"<>0")) -> -0.16392683 | M37: =IF(SUM(M28:M36)=0,0%,AVERAGEIF(M28:M36,"<>0")) -> -0.13344083 | N37: =SUM(N28:N36) -> 344315 | O37: =IF(SUM(O28:O36)>0,AVERAGEIF(O28:O36,"<>0"),0) -> 278.46177 | P37: =IF(SUM(P28:P36)>0,AVERAGEIF(P28:P36,"<>0"),0%) -> 0 | Q37: =IF(SUM(Q28:Q36)>0,AVERAGEIF(Q28:Q36,"<>0"),0) -> 0 | R37: =IF(SUM(R28:R36)>0,AVERAGEIF(R28:R36,"<>0"),0) -> 0 | S37: =RANK($J37,J_Zone) -> 1 | T37: =RANK($K37,K_Zone) -> 2 | U37: =RANK($L37,L_Zone) -> 4 | V37: =RANK($M37,M_Zone) -> 5 | W37: =RANK($O37,O_Zone) -> 6 | X37: =RANK($P37,P_Zone) -> 1 | Y37: =RANK($Q37,Q_Zone) -> 1 | Z37: =RANK($R37,R_Zone) -> 1 | AA37: =SUM(S37:Z37) -> 21 | AB37: =RANK(AA37,AD_Zone,1) -> 3
A38: Revival [Pst. Pius Mkpee] | B38: Bodo City Gokana | C38: 7032209737 | D38: Pst. Callistus Monday | E38: Revival | F38: =ROUNDDOWN(SUM('WK1:WK5'!B37)/MAX(1,INDEX(FREQUENCY('WK1:WK5'!B37,0),2)),0) -> 45 | G38: =ROUNDDOWN(SUM('WK1:WK5'!C37)/MAX(1,INDEX(FREQUENCY('WK1:WK5'!C37,0),2)),0) -> 80 | H38: =ROUNDDOWN(SUM('WK1:WK5'!D37)/MAX(1,INDEX(FREQUENCY('WK1:WK5'!D37,0),2)),0) -> 83 | I38: =SUM(F38:H38) -> 208 | J38: =SUM('WK1:WK5'!O37) -> 0 | K38: =IF(AND((SUM([1]Summary!J38,J38)>0),[1]Summary!I38>0),(I38-(([1]Summary!I38-[1]Summary!J38)-(L38*([1]Summary!I38-[1]Summary!J38))))/(IF(SUM([1]Summary!J38,J38)>0,[1]Summary!J38+J38,0)),0%) -> 0 | L38: =IF(([1]Summary!I38)>0,(([1]Summary!I38-[1]Summary!J38)-(I38-J38))/(([1]Summary!I38-[1]Summary!J38)),100%) -> 0.43324251 | M38: =IF(I38=0,0%,IF((I38-[2]Sheet1!$G34+([2]Sheet1!$J34/12*1))=0, 0%,(I38-[2]Sheet1!$G34+([2]Sheet1!$J34/12*1))/([2]Sheet1!$G34+([2]Sheet1!$J34/12*1)))) -> -0.46426709 | N38: =SUM('WK1:WK5'!M37) -> 55140 | O38: =(SUM('WK1:WK5'!M37)/MAX(1,INDEX(FREQUENCY('WK1:WK5'!M37,0),2)))/IF(F38+G38>0,F38+G38,"1") -> 220.56 | P38: =SUM(IF(SUM('WK1:WK5'!J37)>0,SUM('WK1:WK5'!T37)/((SUM('WK1:WK5'!J37)+SUM('WK1:WK5'!K37)+SUM('WK1:WK5'!P37))*0.3),0%),IF(SUM('WK1:WK5'!J37)>0,SUM('WK1:WK5'!U37)/((SUM('WK1:WK5'!J37)+SUM('WK1:WK5'!K37)+SUM('WK1:WK5'!P37))*0.1),0%),IF(SUM('WK1:WK5'!J37)>0,SUM('WK1:WK5'!V37)/((SUM('WK1:WK5'!J37)+SUM('WK1:WK5'!K37)+SUM('WK1:WK5'!P37))*0.3),0%)) -> 0 | Q38: =SUM('WK1:WK5'!Z37)/MAX(1,INDEX(FREQUENCY('WK1:WK5'!Z37,0),2)) -> 0 | R38: =IF(I38>0,SUM('WK1:WK5'!AE37)/MAX(1,INDEX(FREQUENCY('WK1:WK5'!AE37,0),2))/I38,0) -> 0 | S38: =RANK($J38,(J_Love,J_Maranatha,J_Goodnews,J_Heritage,J_Oyigbo,J_Revival)) -> 17 | T38: =RANK($K38,(K_Love,K_Maranatha,K_Goodnews,K_Heritage,K_Oyigbo,K_Revival)) -> 17 | U38: =RANK($L38,(L_Love,L_Maranatha,L_Goodnews,L_Heritage,L_Oyigbo,L_Revival),1) -> 28 | V38: =RANK($M38,(M_Love,M_Maranatha,M_Goodnews,M_Heritage,M_Oyigbo,M_Revival)) -> 38 | W38: =RANK($O38,(O_Love,O_Maranatha,O_Goodnews,O_Heritage,O_Oyigbo,O_Revival)) -> 27 | X38: =RANK($P38,(P_Love,P_Maranatha,P_Goodnews,P_Heritage,P_Oyigbo,P_Revival)) -> 1 | Y38: =RANK($Q38,(Q_Love,Q_Maranatha,Q_Goodnews,Q_Heritage,Q_Oyigbo,Q_Revival)) -> 1 | Z38: =RANK($R38,(R_Love,R_Maranatha,R_Goodnews,R_Heritage,R_Oyigbo,R_Revival)) -> 1 | AA38: =SUM(S38:Z38) -> 130 | AB38: =RANK(AA38,(AD_Love,AD_Maranatha,AD_Goodnews,AD_Heritage,AD_Oyigbo,AD_Revival),1) -> 39
B39: Bori - Khana | C39: 8136455529 | D39: Pst. Videekor Samuel | E39: Throne of Mercy | F39: =ROUNDDOWN(SUM('WK1:WK5'!B38)/MAX(1,INDEX(FREQUENCY('WK1:WK5'!B38,0),2)),0) -> 4 | G39: =ROUNDDOWN(SUM('WK1:WK5'!C38)/MAX(1,INDEX(FREQUENCY('WK1:WK5'!C38,0),2)),0) -> 4 | H39: =ROUNDDOWN(SUM('WK1:WK5'!D38)/MAX(1,INDEX(FREQUENCY('WK1:WK5'!D38,0),2)),0) -> 7 | I39: =SUM(F39:H39) -> 15 | J39: =SUM('WK1:WK5'!O38) -> 4 | K39: =IF(AND((SUM([1]Summary!J39,J39)>0),[1]Summary!I39>0),(I39-(([1]Summary!I39-[1]Summary!J39)-(L39*([1]Summary!I39-[1]Summary!J39))))/(IF(SUM([1]Summary!J39,J39)>0,[1]Summary!J39+J39,0)),0%) -> 1 | L39: =IF(([1]Summary!I39)>0,(([1]Summary!I39-[1]Summary!J39)-(I39-J39))/(([1]Summary!I39-[1]Summary!J39)),100%) -> 0.083333333 | M39: =IF(I39=0,0%,IF((I39-[2]Sheet1!$G35+([2]Sheet1!$J35/12*1))=0, 0%,(I39-[2]Sheet1!$G35+([2]Sheet1!$J35/12*1))/([2]Sheet1!$G35+([2]Sheet1!$J35/12*1)))) -> 0.42113925 | N39: =SUM('WK1:WK5'!M38) -> 8050 | O39: =(SUM('WK1:WK5'!M38)/MAX(1,INDEX(FREQUENCY('WK1:WK5'!M38,0),2)))/IF(F39+G39>0,F39+G39,"1") -> 251.5625 | P39: =SUM(IF(SUM('WK1:WK5'!J38)>0,SUM('WK1:WK5'!T38)/((SUM('WK1:WK5'!J38)+SUM('WK1:WK5'!K38)+SUM('WK1:WK5'!P38))*0.3),0%),IF(SUM('WK1:WK5'!J38)>0,SUM('WK1:WK5'!U38)/((SUM('WK1:WK5'!J38)+SUM('WK1:WK5'!K38)+SUM('WK1:WK5'!P38))*0.1),0%),IF(SUM('WK1:WK5'!J38)>0,SUM('WK1:WK5'!V38)/((SUM('WK1:WK5'!J38)+SUM('WK1:WK5'!K38)+SUM('WK1:WK5'!P38))*0.3),0%)) -> 0 | Q39: =SUM('WK1:WK5'!Z38)/MAX(1,INDEX(FREQUENCY('WK1:WK5'!Z38,0),2)) -> 0 | R39: =IF(I39>0,SUM('WK1:WK5'!AE38)/MAX(1,INDEX(FREQUENCY('WK1:WK5'!AE38,0),2))/I39,0) -> 0 | S39: =RANK($J39,(J_Love,J_Maranatha,J_Goodnews,J_Heritage,J_Oyigbo,J_Revival)) -> 7 | T39: =RANK($K39,(K_Love,K_Maranatha,K_Goodnews,K_Heritage,K_Oyigbo,K_Revival)) -> 1 | U39: =RANK($L39,(L_Love,L_Maranatha,L_Goodnews,L_Heritage,L_Oyigbo,L_Revival),1) -> 24 | V39: =RANK($M39,(M_Love,M_Maranatha,M_Goodnews,M_Heritage,M_Oyigbo,M_Revival)) -> 1 | W39: =RANK($O39,(O_Love,O_Maranatha,O_Goodnews,O_Heritage,O_Oyigbo,O_Revival)) -> 25 | X39: =RANK($P39,(P_Love,P_Maranatha,P_Goodnews,P_Heritage,P_Oyigbo,P_Revival)) -> 1 | Y39: =RANK($Q39,(Q_Love,Q_Maranatha,Q_Goodnews,Q_Heritage,Q_Oyigbo,Q_Revival)) -> 1 | Z39: =RANK($R39,(R_Love,R_Maranatha,R_Goodnews,R_Heritage,R_Oyigbo,R_Revival)) -> 1 | AA39: =SUM(S39:Z39) -> 61 | AB39: =RANK(AA39,(AD_Love,AD_Maranatha,AD_Goodnews,AD_Heritage,AD_Oyigbo,AD_Revival),1) -> 7
B40: Bomu Gokana | C40: 8147837756 | D40: Pst. Lemon Samson | E40: Transformation | F40: =ROUNDDOWN(SUM('WK1:WK5'!B39)/MAX(1,INDEX(FREQUENCY('WK1:WK5'!B39,0),2)),0) -> 0 | G40: =ROUNDDOWN(SUM('WK1:WK5'!C39)/MAX(1,INDEX(FREQUENCY('WK1:WK5'!C39,0),2)),0) -> 0 | H40: =ROUNDDOWN(SUM('WK1:WK5'!D39)/MAX(1,INDEX(FREQUENCY('WK1:WK5'!D39,0),2)),0) -> 0 | I40: =SUM(F40:H40) -> 0 | J40: =SUM('WK1:WK5'!O39) -> 0 | K40: =IF(AND((SUM([1]Summary!J40,J40)>0),[1]Summary!I40>0),(I40-(([1]Summary!I40-[1]Summary!J40)-(L40*([1]Summary!I40-[1]Summary!J40))))/(IF(SUM([1]Summary!J40,J40)>0,[1]Summary!J40+J40,0)),0%) -> 0 | L40: =IF(([1]Summary!I40)>0,(([1]Summary!I40-[1]Summary!J40)-(I40-J40))/(([1]Summary!I40-[1]Summary!J40)),100%) -> 1 | M40: =IF(I40=0,0%,IF((I40-[2]Sheet1!$G36+([2]Sheet1!$J36/12*1))=0, 0%,(I40-[2]Sheet1!$G36+([2]Sheet1!$J36/12*1))/([2]Sheet1!$G36+([2]Sheet1!$J36/12*1)))) -> 0 | N40: =SUM('WK1:WK5'!M39) -> 0 | O40: =(SUM('WK1:WK5'!M39)/MAX(1,INDEX(FREQUENCY('WK1:WK5'!M39,0),2)))/IF(F40+G40>0,F40+G40,"1") -> 0 | P40: =SUM(IF(SUM('WK1:WK5'!J39)>0,SUM('WK1:WK5'!T39)/((SUM('WK1:WK5'!J39)+SUM('WK1:WK5'!K39)+SUM('WK1:WK5'!P39))*0.3),0%),IF(SUM('WK1:WK5'!J39)>0,SUM('WK1:WK5'!U39)/((SUM('WK1:WK5'!J39)+SUM('WK1:WK5'!K39)+SUM('WK1:WK5'!P39))*0.1),0%),IF(SUM('WK1:WK5'!J39)>0,SUM('WK1:WK5'!V39)/((SUM('WK1:WK5'!J39)+SUM('WK1:WK5'!K39)+SUM('WK1:WK5'!P39))*0.3),0%)) -> 0 | Q40: =SUM('WK1:WK5'!Z39)/MAX(1,INDEX(FREQUENCY('WK1:WK5'!Z39,0),2)) -> 0 | R40: =IF(I40>0,SUM('WK1:WK5'!AE39)/MAX(1,INDEX(FREQUENCY('WK1:WK5'!AE39,0),2))/I40,0) -> 0 | S40: =RANK($J40,(J_Love,J_Maranatha,J_Goodnews,J_Heritage,J_Oyigbo,J_Revival)) -> 17 | T40: =RANK($K40,(K_Love,K_Maranatha,K_Goodnews,K_Heritage,K_Oyigbo,K_Revival)) -> 17 | U40: =RANK($L40,(L_Love,L_Maranatha,L_Goodnews,L_Heritage,L_Oyigbo,L_Revival),1) -> 29 | V40: =RANK($M40,(M_Love,M_Maranatha,M_Goodnews,M_Heritage,M_Oyigbo,M_Revival)) -> 11 | W40: =RANK($O40,(O_Love,O_Maranatha,O_Goodnews,O_Heritage,O_Oyigbo,O_Revival)) -> 29 | X40: =RANK($P40,(P_Love,P_Maranatha,P_Goodnews,P_Heritage,P_Oyigbo,P_Revival)) -> 1 | Y40: =RANK($Q40,(Q_Love,Q_Maranatha,Q_Goodnews,Q_Heritage,Q_Oyigbo,Q_Revival)) -> 1 | Z40: =RANK($R40,(R_Love,R_Maranatha,R_Goodnews,R_Heritage,R_Oyigbo,R_Revival)) -> 1 | AA40: =SUM(S40:Z40) -> 106 | AB40: =RANK(AA40,(AD_Love,AD_Maranatha,AD_Goodnews,AD_Heritage,AD_Oyigbo,AD_Revival),1) -> 25
B41: Deeyor Gokana | C41: 7085508773 | D41: Pst. Peter Vikanen | E41: Salvation | F41: =ROUNDDOWN(SUM('WK1:WK5'!B40)/MAX(1,INDEX(FREQUENCY('WK1:WK5'!B40,0),2)),0) -> 0 | G41: =ROUNDDOWN(SUM('WK1:WK5'!C40)/MAX(1,INDEX(FREQUENCY('WK1:WK5'!C40,0),2)),0) -> 0 | H41: =ROUNDDOWN(SUM('WK1:WK5'!D40)/MAX(1,INDEX(FREQUENCY('WK1:WK5'!D40,0),2)),0) -> 0 | I41: =SUM(F41:H41) -> 0 | J41: =SUM('WK1:WK5'!O40) -> 0 | K41: =IF(AND((SUM([1]Summary!J41,J41)>0),[1]Summary!I41>0),(I41-(([1]Summary!I41-[1]Summary!J41)-(L41*([1]Summary!I41-[1]Summary!J41))))/(IF(SUM([1]Summary!J41,J41)>0,[1]Summary!J41+J41,0)),0%) -> 0 | L41: =IF(([1]Summary!I41)>0,(([1]Summary!I41-[1]Summary!J41)-(I41-J41))/(([1]Summary!I41-[1]Summary!J41)),100%) -> 1 | M41: =IF(I41=0,0%,IF((I41-[2]Sheet1!$G37+([2]Sheet1!$J37/12*1))=0, 0%,(I41-[2]Sheet1!$G37+([2]Sheet1!$J37/12*1))/([2]Sheet1!$G37+([2]Sheet1!$J37/12*1)))) -> 0 | N41: =SUM('WK1:WK5'!M40) -> 0 | O41: =(SUM('WK1:WK5'!M40)/MAX(1,INDEX(FREQUENCY('WK1:WK5'!M40,0),2)))/IF(F41+G41>0,F41+G41,"1") -> 0 | P41: =SUM(IF(SUM('WK1:WK5'!J40)>0,SUM('WK1:WK5'!T40)/((SUM('WK1:WK5'!J40)+SUM('WK1:WK5'!K40)+SUM('WK1:WK5'!P40))*0.3),0%),IF(SUM('WK1:WK5'!J40)>0,SUM('WK1:WK5'!U40)/((SUM('WK1:WK5'!J40)+SUM('WK1:WK5'!K40)+SUM('WK1:WK5'!P40))*0.1),0%),IF(SUM('WK1:WK5'!J40)>0,SUM('WK1:WK5'!V40)/((SUM('WK1:WK5'!J40)+SUM('WK1:WK5'!K40)+SUM('WK1:WK5'!P40))*0.3),0%)) -> 0 | Q41: =SUM('WK1:WK5'!Z40)/MAX(1,INDEX(FREQUENCY('WK1:WK5'!Z40,0),2)) -> 0 | R41: =IF(I41>0,SUM('WK1:WK5'!AE40)/MAX(1,INDEX(FREQUENCY('WK1:WK5'!AE40,0),2))/I41,0) -> 0 | S41: =RANK($J41,(J_Love,J_Maranatha,J_Goodnews,J_Heritage,J_Oyigbo,J_Revival)) -> 17 | T41: =RANK($K41,(K_Love,K_Maranatha,K_Goodnews,K_Heritage,K_Oyigbo,K_Revival)) -> 17 | U41: =RANK($L41,(L_Love,L_Maranatha,L_Goodnews,L_Heritage,L_Oyigbo,L_Revival),1) -> 29 | V41: =RANK($M41,(M_Love,M_Maranatha,M_Goodnews,M_Heritage,M_Oyigbo,M_Revival)) -> 11 | W41: =RANK($O41,(O_Love,O_Maranatha,O_Goodnews,O_Heritage,O_Oyigbo,O_Revival)) -> 29 | X41: =RANK($P41,(P_Love,P_Maranatha,P_Goodnews,P_Heritage,P_Oyigbo,P_Revival)) -> 1 | Y41: =RANK($Q41,(Q_Love,Q_Maranatha,Q_Goodnews,Q_Heritage,Q_Oyigbo,Q_Revival)) -> 1 | Z41: =RANK($R41,(R_Love,R_Maranatha,R_Goodnews,R_Heritage,R_Oyigbo,R_Revival)) -> 1 | AA41: =SUM(S41:Z41) -> 106 | AB41: =RANK(AA41,(AD_Love,AD_Maranatha,AD_Goodnews,AD_Heritage,AD_Oyigbo,AD_Revival),1) -> 25
B42: Biara Gokana | D42: Pst. Barogide Marcus | E42: Freedom | F42: =ROUNDDOWN(SUM('WK1:WK5'!B41)/MAX(1,INDEX(FREQUENCY('WK1:WK5'!B41,0),2)),0) -> 0 | G42: =ROUNDDOWN(SUM('WK1:WK5'!C41)/MAX(1,INDEX(FREQUENCY('WK1:WK5'!C41,0),2)),0) -> 0 | H42: =ROUNDDOWN(SUM('WK1:WK5'!D41)/MAX(1,INDEX(FREQUENCY('WK1:WK5'!D41,0),2)),0) -> 0 | I42: =SUM(F42:H42) -> 0 | J42: =SUM('WK1:WK5'!O41) -> 0 | K42: =IF(AND((SUM([1]Summary!J42,J42)>0),[1]Summary!I42>0),(I42-(([1]Summary!I42-[1]Summary!J42)-(L42*([1]Summary!I42-[1]Summary!J42))))/(IF(SUM([1]Summary!J42,J42)>0,[1]Summary!J42+J42,0)),0%) -> 0 | L42: =IF(([1]Summary!I42)>0,(([1]Summary!I42-[1]Summary!J42)-(I42-J42))/(([1]Summary!I42-[1]Summary!J42)),100%) -> 1 | M42: =IF(I42=0,0%,IF((I42-[2]Sheet1!$G38+([2]Sheet1!$J38/12*1))=0, 0%,(I42-[2]Sheet1!$G38+([2]Sheet1!$J38/12*1))/([2]Sheet1!$G38+([2]Sheet1!$J38/12*1)))) -> 0 | N42: =SUM('WK1:WK5'!M41) -> 0 | O42: =(SUM('WK1:WK5'!M41)/MAX(1,INDEX(FREQUENCY('WK1:WK5'!M41,0),2)))/IF(F42+G42>0,F42+G42,"1") -> 0 | P42: =SUM(IF(SUM('WK1:WK5'!J41)>0,SUM('WK1:WK5'!T41)/((SUM('WK1:WK5'!J41)+SUM('WK1:WK5'!K41)+SUM('WK1:WK5'!P41))*0.3),0%),IF(SUM('WK1:WK5'!J41)>0,SUM('WK1:WK5'!U41)/((SUM('WK1:WK5'!J41)+SUM('WK1:WK5'!K41)+SUM('WK1:WK5'!P41))*0.1),0%),IF(SUM('WK1:WK5'!J41)>0,SUM('WK1:WK5'!V41)/((SUM('WK1:WK5'!J41)+SUM('WK1:WK5'!K41)+SUM('WK1:WK5'!P41))*0.3),0%)) -> 0 | Q42: =SUM('WK1:WK5'!Z41)/MAX(1,INDEX(FREQUENCY('WK1:WK5'!Z41,0),2)) -> 0 | R42: =IF(I42>0,SUM('WK1:WK5'!AE41)/MAX(1,INDEX(FREQUENCY('WK1:WK5'!AE41,0),2))/I42,0) -> 0 | S42: =RANK($J42,(J_Love,J_Maranatha,J_Goodnews,J_Heritage,J_Oyigbo,J_Revival)) -> 17 | T42: =RANK($K42,(K_Love,K_Maranatha,K_Goodnews,K_Heritage,K_Oyigbo,K_Revival)) -> 17 | U42: =RANK($L42,(L_Love,L_Maranatha,L_Goodnews,L_Heritage,L_Oyigbo,L_Revival),1) -> 29 | V42: =RANK($M42,(M_Love,M_Maranatha,M_Goodnews,M_Heritage,M_Oyigbo,M_Revival)) -> 11 | W42: =RANK($O42,(O_Love,O_Maranatha,O_Goodnews,O_Heritage,O_Oyigbo,O_Revival)) -> 29 | X42: =RANK($P42,(P_Love,P_Maranatha,P_Goodnews,P_Heritage,P_Oyigbo,P_Revival)) -> 1 | Y42: =RANK($Q42,(Q_Love,Q_Maranatha,Q_Goodnews,Q_Heritage,Q_Oyigbo,Q_Revival)) -> 1 | Z42: =RANK($R42,(R_Love,R_Maranatha,R_Goodnews,R_Heritage,R_Oyigbo,R_Revival)) -> 1 | AA42: =SUM(S42:Z42) -> 106 | AB42: =RANK(AA42,(AD_Love,AD_Maranatha,AD_Goodnews,AD_Heritage,AD_Oyigbo,AD_Revival),1) -> 25
B43: Barako Gokana | C43: 8030492350 | D43: Pst. Wisdom Nnaa | E43: Dunamis | F43: =ROUNDDOWN(SUM('WK1:WK5'!B42)/MAX(1,INDEX(FREQUENCY('WK1:WK5'!B42,0),2)),0) -> 0 | G43: =ROUNDDOWN(SUM('WK1:WK5'!C42)/MAX(1,INDEX(FREQUENCY('WK1:WK5'!C42,0),2)),0) -> 0 | H43: =ROUNDDOWN(SUM('WK1:WK5'!D42)/MAX(1,INDEX(FREQUENCY('WK1:WK5'!D42,0),2)),0) -> 0 | I43: =SUM(F43:H43) -> 0 | J43: =SUM('WK1:WK5'!O42) -> 0 | K43: =IF(AND((SUM([1]Summary!J43,J43)>0),[1]Summary!I43>0),(I43-(([1]Summary!I43-[1]Summary!J43)-(L43*([1]Summary!I43-[1]Summary!J43))))/(IF(SUM([1]Summary!J43,J43)>0,[1]Summary!J43+J43,0)),0%) -> 0 | L43: =IF(([1]Summary!I43)>0,(([1]Summary!I43-[1]Summary!J43)-(I43-J43))/(([1]Summary!I43-[1]Summary!J43)),100%) -> 1 | M43: =IF(I43=0,0%,IF((I43-[2]Sheet1!$G39+([2]Sheet1!$J39/12*1))=0, 0%,(I43-[2]Sheet1!$G39+([2]Sheet1!$J39/12*1))/([2]Sheet1!$G39+([2]Sheet1!$J39/12*1)))) -> 0 | N43: =SUM('WK1:WK5'!M42) -> 0 | O43: =(SUM('WK1:WK5'!M42)/MAX(1,INDEX(FREQUENCY('WK1:WK5'!M42,0),2)))/IF(F43+G43>0,F43+G43,"1") -> 0 | P43: =SUM(IF(SUM('WK1:WK5'!J42)>0,SUM('WK1:WK5'!T42)/((SUM('WK1:WK5'!J42)+SUM('WK1:WK5'!K42)+SUM('WK1:WK5'!P42))*0.3),0%),IF(SUM('WK1:WK5'!J42)>0,SUM('WK1:WK5'!U42)/((SUM('WK1:WK5'!J42)+SUM('WK1:WK5'!K42)+SUM('WK1:WK5'!P42))*0.1),0%),IF(SUM('WK1:WK5'!J42)>0,SUM('WK1:WK5'!V42)/((SUM('WK1:WK5'!J42)+SUM('WK1:WK5'!K42)+SUM('WK1:WK5'!P42))*0.3),0%)) -> 0 | Q43: =SUM('WK1:WK5'!Z42)/MAX(1,INDEX(FREQUENCY('WK1:WK5'!Z42,0),2)) -> 0 | R43: =IF(I43>0,SUM('WK1:WK5'!AE42)/MAX(1,INDEX(FREQUENCY('WK1:WK5'!AE42,0),2))/I43,0) -> 0 | S43: =RANK($J43,(J_Love,J_Maranatha,J_Goodnews,J_Heritage,J_Oyigbo,J_Revival)) -> 17 | T43: =RANK($K43,(K_Love,K_Maranatha,K_Goodnews,K_Heritage,K_Oyigbo,K_Revival)) -> 17 | U43: =RANK($L43,(L_Love,L_Maranatha,L_Goodnews,L_Heritage,L_Oyigbo,L_Revival),1) -> 29 | V43: =RANK($M43,(M_Love,M_Maranatha,M_Goodnews,M_Heritage,M_Oyigbo,M_Revival)) -> 11 | W43: =RANK($O43,(O_Love,O_Maranatha,O_Goodnews,O_Heritage,O_Oyigbo,O_Revival)) -> 29 | X43: =RANK($P43,(P_Love,P_Maranatha,P_Goodnews,P_Heritage,P_Oyigbo,P_Revival)) -> 1 | Y43: =RANK($Q43,(Q_Love,Q_Maranatha,Q_Goodnews,Q_Heritage,Q_Oyigbo,Q_Revival)) -> 1 | Z43: =RANK($R43,(R_Love,R_Maranatha,R_Goodnews,R_Heritage,R_Oyigbo,R_Revival)) -> 1 | AA43: =SUM(S43:Z43) -> 106 | AB43: =RANK(AA43,(AD_Love,AD_Maranatha,AD_Goodnews,AD_Heritage,AD_Oyigbo,AD_Revival),1) -> 25
B44: Nwebiara Gokana | C44: 7039767740 | D44: Pst. Raphael Giogo | E44: Word of Life | F44: =ROUNDDOWN(SUM('WK1:WK5'!B43)/MAX(1,INDEX(FREQUENCY('WK1:WK5'!B43,0),2)),0) -> 0 | G44: =ROUNDDOWN(SUM('WK1:WK5'!C43)/MAX(1,INDEX(FREQUENCY('WK1:WK5'!C43,0),2)),0) -> 0 | H44: =ROUNDDOWN(SUM('WK1:WK5'!D43)/MAX(1,INDEX(FREQUENCY('WK1:WK5'!D43,0),2)),0) -> 0 | I44: =SUM(F44:H44) -> 0 | J44: =SUM('WK1:WK5'!O43) -> 0 | K44: =IF(AND((SUM([1]Summary!J44,J44)>0),[1]Summary!I44>0),(I44-(([1]Summary!I44-[1]Summary!J44)-(L44*([1]Summary!I44-[1]Summary!J44))))/(IF(SUM([1]Summary!J44,J44)>0,[1]Summary!J44+J44,0)),0%) -> 0 | L44: =IF(([1]Summary!I44)>0,(([1]Summary!I44-[1]Summary!J44)-(I44-J44))/(([1]Summary!I44-[1]Summary!J44)),100%) -> 1 | M44: =IF(I44=0,0%,IF((I44-[2]Sheet1!$G40+([2]Sheet1!$J40/12*1))=0, 0%,(I44-[2]Sheet1!$G40+([2]Sheet1!$J40/12*1))/([2]Sheet1!$G40+([2]Sheet1!$J40/12*1)))) -> 0 | N44: =SUM('WK1:WK5'!M43) -> 0 | O44: =(SUM('WK1:WK5'!M43)/MAX(1,INDEX(FREQUENCY('WK1:WK5'!M43,0),2)))/IF(F44+G44>0,F44+G44,"1") -> 0 | P44: =SUM(IF(SUM('WK1:WK5'!J43)>0,SUM('WK1:WK5'!T43)/((SUM('WK1:WK5'!J43)+SUM('WK1:WK5'!K43)+SUM('WK1:WK5'!P43))*0.3),0%),IF(SUM('WK1:WK5'!J43)>0,SUM('WK1:WK5'!U43)/((SUM('WK1:WK5'!J43)+SUM('WK1:WK5'!K43)+SUM('WK1:WK5'!P43))*0.1),0%),IF(SUM('WK1:WK5'!J43)>0,SUM('WK1:WK5'!V43)/((SUM('WK1:WK5'!J43)+SUM('WK1:WK5'!K43)+SUM('WK1:WK5'!P43))*0.3),0%)) -> 0 | Q44: =SUM('WK1:WK5'!Z43)/MAX(1,INDEX(FREQUENCY('WK1:WK5'!Z43,0),2)) -> 0 | R44: =IF(I44>0,SUM('WK1:WK5'!AE43)/MAX(1,INDEX(FREQUENCY('WK1:WK5'!AE43,0),2))/I44,0) -> 0 | S44: =RANK($J44,(J_Love,J_Maranatha,J_Goodnews,J_Heritage,J_Oyigbo,J_Revival)) -> 17 | T44: =RANK($K44,(K_Love,K_Maranatha,K_Goodnews,K_Heritage,K_Oyigbo,K_Revival)) -> 17 | U44: =RANK($L44,(L_Love,L_Maranatha,L_Goodnews,L_Heritage,L_Oyigbo,L_Revival),1) -> 29 | V44: =RANK($M44,(M_Love,M_Maranatha,M_Goodnews,M_Heritage,M_Oyigbo,M_Revival)) -> 11 | W44: =RANK($O44,(O_Love,O_Maranatha,O_Goodnews,O_Heritage,O_Oyigbo,O_Revival)) -> 29 | X44: =RANK($P44,(P_Love,P_Maranatha,P_Goodnews,P_Heritage,P_Oyigbo,P_Revival)) -> 1 | Y44: =RANK($Q44,(Q_Love,Q_Maranatha,Q_Goodnews,Q_Heritage,Q_Oyigbo,Q_Revival)) -> 1 | Z44: =RANK($R44,(R_Love,R_Maranatha,R_Goodnews,R_Heritage,R_Oyigbo,R_Revival)) -> 1 | AA44: =SUM(S44:Z44) -> 106 | AB44: =RANK(AA44,(AD_Love,AD_Maranatha,AD_Goodnews,AD_Heritage,AD_Oyigbo,AD_Revival),1) -> 25
B45: Nweol Gokana | C45: 8132642176 | D45: Pst. Innocent Dimkpa | E45: Goshen | F45: =ROUNDDOWN(SUM('WK1:WK5'!B44)/MAX(1,INDEX(FREQUENCY('WK1:WK5'!B44,0),2)),0) -> 6 | G45: =ROUNDDOWN(SUM('WK1:WK5'!C44)/MAX(1,INDEX(FREQUENCY('WK1:WK5'!C44,0),2)),0) -> 0 | H45: =ROUNDDOWN(SUM('WK1:WK5'!D44)/MAX(1,INDEX(FREQUENCY('WK1:WK5'!D44,0),2)),0) -> 6 | I45: =SUM(F45:H45) -> 12 | J45: =SUM('WK1:WK5'!O44) -> 0 | K45: =IF(AND((SUM([1]Summary!J45,J45)>0),[1]Summary!I45>0),(I45-(([1]Summary!I45-[1]Summary!J45)-(L45*([1]Summary!I45-[1]Summary!J45))))/(IF(SUM([1]Summary!J45,J45)>0,[1]Summary!J45+J45,0)),0%) -> 0 | L45: =IF(([1]Summary!I45)>0,(([1]Summary!I45-[1]Summary!J45)-(I45-J45))/(([1]Summary!I45-[1]Summary!J45)),100%) -> 0.076923077 | M45: =IF(I45=0,0%,IF((I45-[2]Sheet1!$G41+([2]Sheet1!$J41/12*1))=0, 0%,(I45-[2]Sheet1!$G41+([2]Sheet1!$J41/12*1))/([2]Sheet1!$G41+([2]Sheet1!$J41/12*1)))) -> 0.15492958 | N45: =SUM('WK1:WK5'!M44) -> 6300 | O45: =(SUM('WK1:WK5'!M44)/MAX(1,INDEX(FREQUENCY('WK1:WK5'!M44,0),2)))/IF(F45+G45>0,F45+G45,"1") -> 525 | P45: =SUM(IF(SUM('WK1:WK5'!J44)>0,SUM('WK1:WK5'!T44)/((SUM('WK1:WK5'!J44)+SUM('WK1:WK5'!K44)+SUM('WK1:WK5'!P44))*0.3),0%),IF(SUM('WK1:WK5'!J44)>0,SUM('WK1:WK5'!U44)/((SUM('WK1:WK5'!J44)+SUM('WK1:WK5'!K44)+SUM('WK1:WK5'!P44))*0.1),0%),IF(SUM('WK1:WK5'!J44)>0,SUM('WK1:WK5'!V44)/((SUM('WK1:WK5'!J44)+SUM('WK1:WK5'!K44)+SUM('WK1:WK5'!P44))*0.3),0%)) -> 0 | Q45: =SUM('WK1:WK5'!Z44)/MAX(1,INDEX(FREQUENCY('WK1:WK5'!Z44,0),2)) -> 0 | R45: =IF(I45>0,SUM('WK1:WK5'!AE44)/MAX(1,INDEX(FREQUENCY('WK1:WK5'!AE44,0),2))/I45,0) -> 0 | S45: =RANK($J45,(J_Love,J_Maranatha,J_Goodnews,J_Heritage,J_Oyigbo,J_Revival)) -> 17 | T45: =RANK($K45,(K_Love,K_Maranatha,K_Goodnews,K_Heritage,K_Oyigbo,K_Revival)) -> 17 | U45: =RANK($L45,(L_Love,L_Maranatha,L_Goodnews,L_Heritage,L_Oyigbo,L_Revival),1) -> 23 | V45: =RANK($M45,(M_Love,M_Maranatha,M_Goodnews,M_Heritage,M_Oyigbo,M_Revival)) -> 5 | W45: =RANK($O45,(O_Love,O_Maranatha,O_Goodnews,O_Heritage,O_Oyigbo,O_Revival)) -> 7 | X45: =RANK($P45,(P_Love,P_Maranatha,P_Goodnews,P_Heritage,P_Oyigbo,P_Revival)) -> 1 | Y45: =RANK($Q45,(Q_Love,Q_Maranatha,Q_Goodnews,Q_Heritage,Q_Oyigbo,Q_Revival)) -> 1 | Z45: =RANK($R45,(R_Love,R_Maranatha,R_Goodnews,R_Heritage,R_Oyigbo,R_Revival)) -> 1 | AA45: =SUM(S45:Z45) -> 72 | AB45: =RANK(AA45,(AD_Love,AD_Maranatha,AD_Goodnews,AD_Heritage,AD_Oyigbo,AD_Revival),1) -> 13
B46: K-Dere Gokana | D46: Pst. Tombari Kpoo | E46: Fruitful Vine | F46: =ROUNDDOWN(SUM('WK1:WK5'!B45)/MAX(1,INDEX(FREQUENCY('WK1:WK5'!B45,0),2)),0) -> 0 | G46: =ROUNDDOWN(SUM('WK1:WK5'!C45)/MAX(1,INDEX(FREQUENCY('WK1:WK5'!C45,0),2)),0) -> 0 | H46: =ROUNDDOWN(SUM('WK1:WK5'!D45)/MAX(1,INDEX(FREQUENCY('WK1:WK5'!D45,0),2)),0) -> 0 | I46: =SUM(F46:H46) -> 0 | J46: =SUM('WK1:WK5'!O45) -> 0 | K46: =IF(AND((SUM([1]Summary!J46,J46)>0),[1]Summary!I46>0),(I46-(([1]Summary!I46-[1]Summary!J46)-(L46*([1]Summary!I46-[1]Summary!J46))))/(IF(SUM([1]Summary!J46,J46)>0,[1]Summary!J46+J46,0)),0%) -> 0 | L46: =IF(([1]Summary!I46)>0,(([1]Summary!I46-[1]Summary!J46)-(I46-J46))/(([1]Summary!I46-[1]Summary!J46)),100%) -> 1 | M46: =IF(I46=0,0%,IF((I46-[2]Sheet1!$G42+([2]Sheet1!$J42/12*1))=0, 0%,(I46-[2]Sheet1!$G42+([2]Sheet1!$J42/12*1))/([2]Sheet1!$G42+([2]Sheet1!$J42/12*1)))) -> 0 | N46: =SUM('WK1:WK5'!M45) -> 0 | O46: =(SUM('WK1:WK5'!M45)/MAX(1,INDEX(FREQUENCY('WK1:WK5'!M45,0),2)))/IF(F46+G46>0,F46+G46,"1") -> 0 | P46: =SUM(IF(SUM('WK1:WK5'!J45)>0,SUM('WK1:WK5'!T45)/((SUM('WK1:WK5'!J45)+SUM('WK1:WK5'!K45)+SUM('WK1:WK5'!P45))*0.3),0%),IF(SUM('WK1:WK5'!J45)>0,SUM('WK1:WK5'!U45)/((SUM('WK1:WK5'!J45)+SUM('WK1:WK5'!K45)+SUM('WK1:WK5'!P45))*0.1),0%),IF(SUM('WK1:WK5'!J45)>0,SUM('WK1:WK5'!V45)/((SUM('WK1:WK5'!J45)+SUM('WK1:WK5'!K45)+SUM('WK1:WK5'!P45))*0.3),0%)) -> 0 | Q46: =SUM('WK1:WK5'!Z45)/MAX(1,INDEX(FREQUENCY('WK1:WK5'!Z45,0),2)) -> 0 | R46: =IF(I46>0,SUM('WK1:WK5'!AE45)/MAX(1,INDEX(FREQUENCY('WK1:WK5'!AE45,0),2))/I46,0) -> 0 | S46: =RANK($J46,(J_Love,J_Maranatha,J_Goodnews,J_Heritage,J_Oyigbo,J_Revival)) -> 17 | T46: =RANK($K46,(K_Love,K_Maranatha,K_Goodnews,K_Heritage,K_Oyigbo,K_Revival)) -> 17 | U46: =RANK($L46,(L_Love,L_Maranatha,L_Goodnews,L_Heritage,L_Oyigbo,L_Revival),1) -> 29 | V46: =RANK($M46,(M_Love,M_Maranatha,M_Goodnews,M_Heritage,M_Oyigbo,M_Revival)) -> 11 | W46: =RANK($O46,(O_Love,O_Maranatha,O_Goodnews,O_Heritage,O_Oyigbo,O_Revival)) -> 29 | X46: =RANK($P46,(P_Love,P_Maranatha,P_Goodnews,P_Heritage,P_Oyigbo,P_Revival)) -> 1 | Y46: =RANK($Q46,(Q_Love,Q_Maranatha,Q_Goodnews,Q_Heritage,Q_Oyigbo,Q_Revival)) -> 1 | Z46: =RANK($R46,(R_Love,R_Maranatha,R_Goodnews,R_Heritage,R_Oyigbo,R_Revival)) -> 1 | AA46: =SUM(S46:Z46) -> 106 | AB46: =RANK(AA46,(AD_Love,AD_Maranatha,AD_Goodnews,AD_Heritage,AD_Oyigbo,AD_Revival),1) -> 25
B47: Mogho Gokana | C47: 8136407150 | D47: Pst. Joshua Ibe | E47: Mercy | F47: =ROUNDDOWN(SUM('WK1:WK5'!B46)/MAX(1,INDEX(FREQUENCY('WK1:WK5'!B46,0),2)),0) -> 0 | G47: =ROUNDDOWN(SUM('WK1:WK5'!C46)/MAX(1,INDEX(FREQUENCY('WK1:WK5'!C46,0),2)),0) -> 0 | H47: =ROUNDDOWN(SUM('WK1:WK5'!D46)/MAX(1,INDEX(FREQUENCY('WK1:WK5'!D46,0),2)),0) -> 0 | I47: =SUM(F47:H47) -> 0 | J47: =SUM('WK1:WK5'!O46) -> 0 | K47: =IF(AND((SUM([1]Summary!J47,J47)>0),[1]Summary!I47>0),(I47-(([1]Summary!I47-[1]Summary!J47)-(L47*([1]Summary!I47-[1]Summary!J47))))/(IF(SUM([1]Summary!J47,J47)>0,[1]Summary!J47+J47,0)),0%) -> 0 | L47: =IF(([1]Summary!I47)>0,(([1]Summary!I47-[1]Summary!J47)-(I47-J47))/(([1]Summary!I47-[1]Summary!J47)),100%) -> 1 | M47: =IF(I47=0,0%,IF((I47-[2]Sheet1!$G43+([2]Sheet1!$J43/12*1))=0, 0%,(I47-[2]Sheet1!$G43+([2]Sheet1!$J43/12*1))/([2]Sheet1!$G43+([2]Sheet1!$J43/12*1)))) -> 0 | N47: =SUM('WK1:WK5'!M46) -> 0 | O47: =(SUM('WK1:WK5'!M46)/MAX(1,INDEX(FREQUENCY('WK1:WK5'!M46,0),2)))/IF(F47+G47>0,F47+G47,"1") -> 0 | P47: =SUM(IF(SUM('WK1:WK5'!J46)>0,SUM('WK1:WK5'!T46)/((SUM('WK1:WK5'!J46)+SUM('WK1:WK5'!K46)+SUM('WK1:WK5'!P46))*0.3),0%),IF(SUM('WK1:WK5'!J46)>0,SUM('WK1:WK5'!U46)/((SUM('WK1:WK5'!J46)+SUM('WK1:WK5'!K46)+SUM('WK1:WK5'!P46))*0.1),0%),IF(SUM('WK1:WK5'!J46)>0,SUM('WK1:WK5'!V46)/((SUM('WK1:WK5'!J46)+SUM('WK1:WK5'!K46)+SUM('WK1:WK5'!P46))*0.3),0%)) -> 0 | Q47: =SUM('WK1:WK5'!Z46)/MAX(1,INDEX(FREQUENCY('WK1:WK5'!Z46,0),2)) -> 0 | R47: =IF(I47>0,SUM('WK1:WK5'!AE46)/MAX(1,INDEX(FREQUENCY('WK1:WK5'!AE46,0),2))/I47,0) -> 0 | S47: =RANK($J47,(J_Love,J_Maranatha,J_Goodnews,J_Heritage,J_Oyigbo,J_Revival)) -> 17 | T47: =RANK($K47,(K_Love,K_Maranatha,K_Goodnews,K_Heritage,K_Oyigbo,K_Revival)) -> 17 | U47: =RANK($L47,(L_Love,L_Maranatha,L_Goodnews,L_Heritage,L_Oyigbo,L_Revival),1) -> 29 | V47: =RANK($M47,(M_Love,M_Maranatha,M_Goodnews,M_Heritage,M_Oyigbo,M_Revival)) -> 11 | W47: =RANK($O47,(O_Love,O_Maranatha,O_Goodnews,O_Heritage,O_Oyigbo,O_Revival)) -> 29 | X47: =RANK($P47,(P_Love,P_Maranatha,P_Goodnews,P_Heritage,P_Oyigbo,P_Revival)) -> 1 | Y47: =RANK($Q47,(Q_Love,Q_Maranatha,Q_Goodnews,Q_Heritage,Q_Oyigbo,Q_Revival)) -> 1 | Z47: =RANK($R47,(R_Love,R_Maranatha,R_Goodnews,R_Heritage,R_Oyigbo,R_Revival)) -> 1 | AA47: =SUM(S47:Z47) -> 106 | AB47: =RANK(AA47,(AD_Love,AD_Maranatha,AD_Goodnews,AD_Heritage,AD_Oyigbo,AD_Revival),1) -> 25
B48: Gbe Gokana | C48: 8069608825 | D48: Pst. Naty Dedua | E48: Peace | F48: =ROUNDDOWN(SUM('WK1:WK5'!B47)/MAX(1,INDEX(FREQUENCY('WK1:WK5'!B47,0),2)),0) -> 0 | G48: =ROUNDDOWN(SUM('WK1:WK5'!C47)/MAX(1,INDEX(FREQUENCY('WK1:WK5'!C47,0),2)),0) -> 0 | H48: =ROUNDDOWN(SUM('WK1:WK5'!D47)/MAX(1,INDEX(FREQUENCY('WK1:WK5'!D47,0),2)),0) -> 0 | I48: =SUM(F48:H48) -> 0 | J48: =SUM('WK1:WK5'!O47) -> 0 | K48: =IF(AND((SUM([1]Summary!J48,J48)>0),[1]Summary!I48>0),(I48-(([1]Summary!I48-[1]Summary!J48)-(L48*([1]Summary!I48-[1]Summary!J48))))/(IF(SUM([1]Summary!J48,J48)>0,[1]Summary!J48+J48,0)),0%) -> 0 | L48: =IF(([1]Summary!I48)>0,(([1]Summary!I48-[1]Summary!J48)-(I48-J48))/(([1]Summary!I48-[1]Summary!J48)),100%) -> 1 | M48: =IF(I48=0,0%,IF((I48-[2]Sheet1!$G44+([2]Sheet1!$J44/12*1))=0, 0%,(I48-[2]Sheet1!$G44+([2]Sheet1!$J44/12*1))/([2]Sheet1!$G44+([2]Sheet1!$J44/12*1)))) -> 0 | N48: =SUM('WK1:WK5'!M47) -> 0 | O48: =(SUM('WK1:WK5'!M47)/MAX(1,INDEX(FREQUENCY('WK1:WK5'!M47,0),2)))/IF(F48+G48>0,F48+G48,"1") -> 0 | P48: =SUM(IF(SUM('WK1:WK5'!J47)>0,SUM('WK1:WK5'!T47)/((SUM('WK1:WK5'!J47)+SUM('WK1:WK5'!K47)+SUM('WK1:WK5'!P47))*0.3),0%),IF(SUM('WK1:WK5'!J47)>0,SUM('WK1:WK5'!U47)/((SUM('WK1:WK5'!J47)+SUM('WK1:WK5'!K47)+SUM('WK1:WK5'!P47))*0.1),0%),IF(SUM('WK1:WK5'!J47)>0,SUM('WK1:WK5'!V47)/((SUM('WK1:WK5'!J47)+SUM('WK1:WK5'!K47)+SUM('WK1:WK5'!P47))*0.3),0%)) -> 0 | Q48: =SUM('WK1:WK5'!Z47)/MAX(1,INDEX(FREQUENCY('WK1:WK5'!Z47,0),2)) -> 0 | R48: =IF(I48>0,SUM('WK1:WK5'!AE47)/MAX(1,INDEX(FREQUENCY('WK1:WK5'!AE47,0),2))/I48,0) -> 0 | S48: =RANK($J48,(J_Love,J_Maranatha,J_Goodnews,J_Heritage,J_Oyigbo,J_Revival)) -> 17 | T48: =RANK($K48,(K_Love,K_Maranatha,K_Goodnews,K_Heritage,K_Oyigbo,K_Revival)) -> 17 | U48: =RANK($L48,(L_Love,L_Maranatha,L_Goodnews,L_Heritage,L_Oyigbo,L_Revival),1) -> 29 | V48: =RANK($M48,(M_Love,M_Maranatha,M_Goodnews,M_Heritage,M_Oyigbo,M_Revival)) -> 11 | W48: =RANK($O48,(O_Love,O_Maranatha,O_Goodnews,O_Heritage,O_Oyigbo,O_Revival)) -> 29 | X48: =RANK($P48,(P_Love,P_Maranatha,P_Goodnews,P_Heritage,P_Oyigbo,P_Revival)) -> 1 | Y48: =RANK($Q48,(Q_Love,Q_Maranatha,Q_Goodnews,Q_Heritage,Q_Oyigbo,Q_Revival)) -> 1 | Z48: =RANK($R48,(R_Love,R_Maranatha,R_Goodnews,R_Heritage,R_Oyigbo,R_Revival)) -> 1 | AA48: =SUM(S48:Z48) -> 106 | AB48: =RANK(AA48,(AD_Love,AD_Maranatha,AD_Goodnews,AD_Heritage,AD_Oyigbo,AD_Revival),1) -> 25
B49: Deken Gokana | C49: 8067903179 | D49: Pst. Jacinta Aloegah | E49: Pillar of Light and Truth | F49: =ROUNDDOWN(SUM('WK1:WK5'!B48)/MAX(1,INDEX(FREQUENCY('WK1:WK5'!B48,0),2)),0) -> 0 | G49: =ROUNDDOWN(SUM('WK1:WK5'!C48)/MAX(1,INDEX(FREQUENCY('WK1:WK5'!C48,0),2)),0) -> 0 | H49: =ROUNDDOWN(SUM('WK1:WK5'!D48)/MAX(1,INDEX(FREQUENCY('WK1:WK5'!D48,0),2)),0) -> 0 | I49: =SUM(F49:H49) -> 0 | J49: =SUM('WK1:WK5'!O48) -> 0 | K49: =IF(AND((SUM([1]Summary!J49,J49)>0),[1]Summary!I49>0),(I49-(([1]Summary!I49-[1]Summary!J49)-(L49*([1]Summary!I49-[1]Summary!J49))))/(IF(SUM([1]Summary!J49,J49)>0,[1]Summary!J49+J49,0)),0%) -> 0 | L49: =IF(([1]Summary!I49)>0,(([1]Summary!I49-[1]Summary!J49)-(I49-J49))/(([1]Summary!I49-[1]Summary!J49)),100%) -> 1 | M49: =IF(I49=0,0%,IF((I49-[2]Sheet1!$G45+([2]Sheet1!$J45/12*1))=0, 0%,(I49-[2]Sheet1!$G45+([2]Sheet1!$J45/12*1))/([2]Sheet1!$G45+([2]Sheet1!$J45/12*1)))) -> 0 | N49: =SUM('WK1:WK5'!M48) -> 0 | O49: =(SUM('WK1:WK5'!M48)/MAX(1,INDEX(FREQUENCY('WK1:WK5'!M48,0),2)))/IF(F49+G49>0,F49+G49,"1") -> 0 | P49: =SUM(IF(SUM('WK1:WK5'!J48)>0,SUM('WK1:WK5'!T48)/((SUM('WK1:WK5'!J48)+SUM('WK1:WK5'!K48)+SUM('WK1:WK5'!P48))*0.3),0%),IF(SUM('WK1:WK5'!J48)>0,SUM('WK1:WK5'!U48)/((SUM('WK1:WK5'!J48)+SUM('WK1:WK5'!K48)+SUM('WK1:WK5'!P48))*0.1),0%),IF(SUM('WK1:WK5'!J48)>0,SUM('WK1:WK5'!V48)/((SUM('WK1:WK5'!J48)+SUM('WK1:WK5'!K48)+SUM('WK1:WK5'!P48))*0.3),0%)) -> 0 | Q49: =SUM('WK1:WK5'!Z48)/MAX(1,INDEX(FREQUENCY('WK1:WK5'!Z48,0),2)) -> 0 | R49: =IF(I49>0,SUM('WK1:WK5'!AE48)/MAX(1,INDEX(FREQUENCY('WK1:WK5'!AE48,0),2))/I49,0) -> 0 | S49: =RANK($J49,(J_Love,J_Maranatha,J_Goodnews,J_Heritage,J_Oyigbo,J_Revival)) -> 17 | T49: =RANK($K49,(K_Love,K_Maranatha,K_Goodnews,K_Heritage,K_Oyigbo,K_Revival)) -> 17 | U49: =RANK($L49,(L_Love,L_Maranatha,L_Goodnews,L_Heritage,L_Oyigbo,L_Revival),1) -> 29 | V49: =RANK($M49,(M_Love,M_Maranatha,M_Goodnews,M_Heritage,M_Oyigbo,M_Revival)) -> 11 | W49: =RANK($O49,(O_Love,O_Maranatha,O_Goodnews,O_Heritage,O_Oyigbo,O_Revival)) -> 29 | X49: =RANK($P49,(P_Love,P_Maranatha,P_Goodnews,P_Heritage,P_Oyigbo,P_Revival)) -> 1 | Y49: =RANK($Q49,(Q_Love,Q_Maranatha,Q_Goodnews,Q_Heritage,Q_Oyigbo,Q_Revival)) -> 1 | Z49: =RANK($R49,(R_Love,R_Maranatha,R_Goodnews,R_Heritage,R_Oyigbo,R_Revival)) -> 1 | AA49: =SUM(S49:Z49) -> 106 | AB49: =RANK(AA49,(AD_Love,AD_Maranatha,AD_Goodnews,AD_Heritage,AD_Oyigbo,AD_Revival),1) -> 25
B50: B-Dere | D50: Pst. Christy Gbaraba | E50: Joyful Centre | F50: =ROUNDDOWN(SUM('WK1:WK5'!B49)/MAX(1,INDEX(FREQUENCY('WK1:WK5'!B49,0),2)),0) -> 0 | G50: =ROUNDDOWN(SUM('WK1:WK5'!C49)/MAX(1,INDEX(FREQUENCY('WK1:WK5'!C49,0),2)),0) -> 0 | H50: =ROUNDDOWN(SUM('WK1:WK5'!D49)/MAX(1,INDEX(FREQUENCY('WK1:WK5'!D49,0),2)),0) -> 0 | I50: =SUM(F50:H50) -> 0 | J50: =SUM('WK1:WK5'!O49) -> 0 | K50: =IF(AND((SUM([1]Summary!J50,J50)>0),[1]Summary!I50>0),(I50-(([1]Summary!I50-[1]Summary!J50)-(L50*([1]Summary!I50-[1]Summary!J50))))/(IF(SUM([1]Summary!J50,J50)>0,[1]Summary!J50+J50,0)),0%) -> 0 | L50: =IF(([1]Summary!I50)>0,(([1]Summary!I50-[1]Summary!J50)-(I50-J50))/(([1]Summary!I50-[1]Summary!J50)),100%) -> 1 | M50: =IF(I50=0,0%,IF((I50-[2]Sheet1!$G46+([2]Sheet1!$J46/12*1))=0, 0%,(I50-[2]Sheet1!$G46+([2]Sheet1!$J46/12*1))/([2]Sheet1!$G46+([2]Sheet1!$J46/12*1)))) -> 0 | N50: =SUM('WK1:WK5'!M49) -> 0 | O50: =(SUM('WK1:WK5'!M49)/MAX(1,INDEX(FREQUENCY('WK1:WK5'!M49,0),2)))/IF(F50+G50>0,F50+G50,"1") -> 0 | P50: =SUM(IF(SUM('WK1:WK5'!J49)>0,SUM('WK1:WK5'!T49)/((SUM('WK1:WK5'!J49)+SUM('WK1:WK5'!K49)+SUM('WK1:WK5'!P49))*0.3),0%),IF(SUM('WK1:WK5'!J49)>0,SUM('WK1:WK5'!U49)/((SUM('WK1:WK5'!J49)+SUM('WK1:WK5'!K49)+SUM('WK1:WK5'!P49))*0.1),0%),IF(SUM('WK1:WK5'!J49)>0,SUM('WK1:WK5'!V49)/((SUM('WK1:WK5'!J49)+SUM('WK1:WK5'!K49)+SUM('WK1:WK5'!P49))*0.3),0%)) -> 0 | Q50: =SUM('WK1:WK5'!Z49)/MAX(1,INDEX(FREQUENCY('WK1:WK5'!Z49,0),2)) -> 0 | R50: =IF(I50>0,SUM('WK1:WK5'!AE49)/MAX(1,INDEX(FREQUENCY('WK1:WK5'!AE49,0),2))/I50,0) -> 0 | S50: =RANK($J50,(J_Love,J_Maranatha,J_Goodnews,J_Heritage,J_Oyigbo,J_Revival)) -> 17 | T50: =RANK($K50,(K_Love,K_Maranatha,K_Goodnews,K_Heritage,K_Oyigbo,K_Revival)) -> 17 | U50: =RANK($L50,(L_Love,L_Maranatha,L_Goodnews,L_Heritage,L_Oyigbo,L_Revival),1) -> 29 | V50: =RANK($M50,(M_Love,M_Maranatha,M_Goodnews,M_Heritage,M_Oyigbo,M_Revival)) -> 11 | W50: =RANK($O50,(O_Love,O_Maranatha,O_Goodnews,O_Heritage,O_Oyigbo,O_Revival)) -> 29 | X50: =RANK($P50,(P_Love,P_Maranatha,P_Goodnews,P_Heritage,P_Oyigbo,P_Revival)) -> 1 | Y50: =RANK($Q50,(Q_Love,Q_Maranatha,Q_Goodnews,Q_Heritage,Q_Oyigbo,Q_Revival)) -> 1 | Z50: =RANK($R50,(R_Love,R_Maranatha,R_Goodnews,R_Heritage,R_Oyigbo,R_Revival)) -> 1 | AA50: =SUM(S50:Z50) -> 106 | AB50: =RANK(AA50,(AD_Love,AD_Maranatha,AD_Goodnews,AD_Heritage,AD_Oyigbo,AD_Revival),1) -> 25
B51: TOTAL | F51: =SUM(F38:F50) -> 55 | G51: =SUM(G38:G50) -> 84 | H51: =SUM(H38:H50) -> 96 | I51: =SUM(I38:I50) -> 235 | J51: =SUM(J38:J50) -> 4 | K51: =IF(SUM(K38:K50)>0,AVERAGEIF(K38:K50,"<>0"),0) -> 1 | L51: =IF(SUM(L38:L50)=0,100%,AVERAGEIF(L38:L50,"<>0")) -> 0.81488453 | M51: =IF(SUM(M38:M50)=0,0%,AVERAGEIF(M38:M50,"<>0")) -> 0.037267245 | N51: =SUM(N38:N50) -> 69490 | O51: =IF(SUM(O38:O50)>0,AVERAGEIF(O38:O50,"<>0"),0) -> 332.37417 | P51: =IF(SUM(P38:P50)>0,AVERAGEIF(P38:P50,"<>0"),0%) -> 0 | Q51: =IF(SUM(Q38:Q50)>0,AVERAGEIF(Q38:Q50,"<>0"),0) -> 0 | R51: =IF(SUM(R38:R50)>0,AVERAGEIF(R38:R50,"<>0"),0) -> 0 | S51: =RANK($J51,J_Zone) -> 5 | T51: =RANK($K51,K_Zone) -> 1 | U51: =RANK($L51,L_Zone) -> 1 | V51: =RANK($M51,M_Zone) -> 2 | W51: =RANK($O51,O_Zone) -> 5 | X51: =RANK($P51,P_Zone) -> 1 | Y51: =RANK($Q51,Q_Zone) -> 1 | Z51: =RANK($R51,R_Zone) -> 1 | AA51: =SUM(S51:Z51) -> 17 | AB51: =RANK(AA51,AD_Zone,1) -> 1
A52: CRM, R/S 1 | B52: REHOBOTH | C52: 8070790238 | D52: PST. ASHIBIRIBA DANIEL | E52: GRAND TOTAL | F52: =F11+F16+F22+F27+F37+F51 -> 711 | G52: =G11+G16+G22+G27+G37+G51 -> 956 | H52: =H11+H16+H22+H27+H37+H51 -> 1034 | I52: =I11+I16+I22+I27+I37+I51 -> 2701 | J52: =J11+J16+J22+J27+J37+J51 -> 80 | K52: =IF(SUM(K7:K51)>0,AVERAGEIF(K7:K51,"<>0"),0) -> 0.51564916 | L52: =AVERAGEIF(L7:L51,"<>0") -> 0.15291983 | M52: =IF(SUM(M7:M51)>0,AVERAGEIF(M7:M51,"<>0"),0) -> 0 | N52: =N16+N22+N27+N37+N51 -> 1838460 | O52: =IF(SUM(O7:O51)>0,AVERAGEIF(O7:O51,"<>0"),0) -> 435.91874 | P52: =IF(SUM(P7:P51)>0,AVERAGEIF(P7:P51,"<>0"),0) -> 0 | Q52: =IF(SUM(Q7:Q51)>0,AVERAGEIF(Q7:Q51,"<>0"),0) -> 0 | R52: =IF(SUM(R7:R51)>0,AVERAGEIF(R7:R51,"<>0"),0) -> 0

Sheet Weekly Analysis
A4: JANUARY, 2024 | B4: Week 1 | E4: Week 2 | H4: Week 3 | K4: Week 4 | N4: Week 5
A5: Church Name | B5: Actual | C5: Target | D5: Variance | E5: Actual | F5: Target | G5: Variance | H5: Actual | I5: Target | J5: Variance | K5: Actual | L5: Target | M5: Variance | N5: Actual | O5: Target | P5: Variance
A6: Rehoboth | B6: ='WK1'!E6 -> 242 | C6: =[2]Sheet1!$G3+([2]Sheet1!$J3/53) -> 322.71381 | D6: =IF(AND(C6=0,B6=0),"Missing Values",B6-C6) -> -80.71381 | E6: ='WK2 '!E6 -> 242 | F6: =[2]Sheet1!$G3+([2]Sheet1!$J3/53 *2) -> 324.42762 | G6: =IF(AND(F6=0,E6=0),"Missing Values",E6-F6) -> -82.42762 | H6: ='WK3'!E6 -> 265 | I6: =[2]Sheet1!$G3+([2]Sheet1!$J3/53 *3) -> 326.14143 | J6: =IF(AND(I6=0,H6=0),"Missing Values",H6-I6) -> -61.141429 | K6: ='WK4'!E6 -> 258 | L6: =[2]Sheet1!$G3+([2]Sheet1!$J3/53 *4) -> 327.85524 | M6: =IF(AND(L6=0,K6=0),"Missing Values",K6-L6) -> -69.855239 | N6: ='WK5'!E6 -> 0 | O6: =[2]Sheet1!$G3+([2]Sheet1!$J3/53 *5) -> 329.56905 | P6: =IF(AND(O6=0,N6=0),"Missing Values",N6-O6) -> -329.56905
A7: Love International | B7: ='WK1'!E7 -> 280 | C7: =[2]Sheet1!$G4+([2]Sheet1!$J4/53) -> 269.43084 | D7: =IF(AND(C7=0,B7=0),"Missing Values",B7-C7) -> 10.569156 | E7: ='WK2 '!E7 -> 280 | F7: =[2]Sheet1!$G4+([2]Sheet1!$J4/53 *2) -> 270.86169 | G7: =IF(AND(F7=0,E7=0),"Missing Values",E7-F7) -> 9.1383114 | H7: ='WK3'!E7 -> 237 | I7: =[2]Sheet1!$G4+([2]Sheet1!$J4/53 *3) -> 272.29253 | J7: =IF(AND(I7=0,H7=0),"Missing Values",H7-I7) -> -35.292533 | K7: ='WK4'!E7 -> 278 | L7: =[2]Sheet1!$G4+([2]Sheet1!$J4/53 *4) -> 273.72338 | M7: =IF(AND(L7=0,K7=0),"Missing Values",K7-L7) -> 4.2766228 | N7: ='WK5'!E7 -> 0 | O7: =[2]Sheet1!$G4+([2]Sheet1!$J4/53 *5) -> 275.15422 | P7: =IF(AND(O7=0,N7=0),"Missing Values",N7-O7) -> -275.15422
A8: Throne of Greatness | B8: ='WK1'!E8 -> 12 | C8: =[2]Sheet1!$G5+([2]Sheet1!$J5/53) -> 14.263425 | D8: =IF(AND(C8=0,B8=0),"Missing Values",B8-C8) -> -2.2634248 | E8: ='WK2 '!E8 -> 12 | F8: =[2]Sheet1!$G5+([2]Sheet1!$J5/53 *2) -> 14.52685 | G8: =IF(AND(F8=0,E8=0),"Missing Values",E8-F8) -> -2.5268497 | H8: ='WK3'!E8 -> 11 | I8: =[2]Sheet1!$G5+([2]Sheet1!$J5/53 *3) -> 14.790275 | J8: =IF(AND(I8=0,H8=0),"Missing Values",H8-I8) -> -3.7902745 | K8: ='WK4'!E8 -> 10 | L8: =[2]Sheet1!$G5+([2]Sheet1!$J5/53 *4) -> 15.053699 | M8: =IF(AND(L8=0,K8=0),"Missing Values",K8-L8) -> -5.0536994 | N8: ='WK5'!E8 -> 0 | O8: =[2]Sheet1!$G5+([2]Sheet1!$J5/53 *5) -> 15.317124 | P8: =IF(AND(O8=0,N8=0),"Missing Values",N8-O8) -> -15.317124
A9: Shekinar Glory | B9: ='WK1'!E9 -> 31 | C9: =[2]Sheet1!$G6+([2]Sheet1!$J6/53) -> 26.327492 | D9: =IF(AND(C9=0,B9=0),"Missing Values",B9-C9) -> 4.6725075 | E9: ='WK2 '!E9 -> 31 | F9: =[2]Sheet1!$G6+([2]Sheet1!$J6/53 *2) -> 26.654985 | G9: =IF(AND(F9=0,E9=0),"Missing Values",E9-F9) -> 4.345015 | H9: ='WK3'!E9 -> 31 | I9: =[2]Sheet1!$G6+([2]Sheet1!$J6/53 *3) -> 26.982477 | J9: =IF(AND(I9=0,H9=0),"Missing Values",H9-I9) -> 4.0175225 | K9: ='WK4'!E9 -> 21 | L9: =[2]Sheet1!$G6+([2]Sheet1!$J6/53 *4) -> 27.30997 | M9: =IF(AND(L9=0,K9=0),"Missing Values",K9-L9) -> -6.30997 | N9: ='WK5'!E9 -> 0 | O9: =[2]Sheet1!$G6+([2]Sheet1!$J6/53 *5) -> 27.637462 | P9: =IF(AND(O9=0,N9=0),"Missing Values",N9-O9) -> -27.637462
B10: =SUM(B6:B9) -> 565 | C10: =SUM(C6:C9) -> 632.73557 | D10: =SUM(D6:D9) -> -67.735571 | E10: =SUM(E6:E9) -> 565 | F10: =SUM(F6:F9) -> 636.47114 | G10: =SUM(G6:G9) -> -71.471143 | H10: =SUM(H6:H9) -> 544 | I10: =SUM(I6:I9) -> 640.20671 | ... P10: =SUM(P6:P9) -> -647.67786
A11: Zion Faith Int'l | B11: ='WK1'!E11 -> 247 | C11: =[2]Sheet1!$G8+([2]Sheet1!$J8/53) -> 316.68178 | D11: =IF(AND(C11=0,B11=0),"Missing Values",B11-C11) -> -69.681776 | E11: ='WK2 '!E11 -> 247 | F11: =[2]Sheet1!$G8+([2]Sheet1!$J8/53 *2) -> 318.36355 | G11: =IF(AND(F11=0,E11=0),"Missing Values",E11-F11) -> -71.363552 | H11: ='WK3'!E11 -> 217 | I11: =[2]Sheet1!$G8+([2]Sheet1!$J8/53 *3) -> 320.04533 | J11: =IF(AND(I11=0,H11=0),"Missing Values",H11-I11) -> -103.04533 | K11: ='WK4'!E11 -> 225 | L11: =[2]Sheet1!$G8+([2]Sheet1!$J8/53 *4) -> 321.7271 | M11: =IF(AND(L11=0,K11=0),"Missing Values",K11-L11) -> -96.727104 | N11: ='WK5'!E11 -> 0 | O11: =[2]Sheet1!$G8+([2]Sheet1!$J8/53 *5) -> 323.40888 | P11: =IF(AND(O11=0,N11=0),"Missing Values",N11-O11) -> -323.40888
A12: Maranatha | B12: ='WK1'!E12 -> 108 | C12: =[2]Sheet1!$G9+([2]Sheet1!$J9/53) -> 86.459152 | D12: =IF(AND(C12=0,B12=0),"Missing Values",B12-C12) -> 21.540848 | E12: ='WK2 '!E12 -> 108 | F12: =[2]Sheet1!$G9+([2]Sheet1!$J9/53 *2) -> 86.918303 | G12: =IF(AND(F12=0,E12=0),"Missing Values",E12-F12) -> 21.081697 | H12: ='WK3'!E12 -> 107 | I12: =[2]Sheet1!$G9+([2]Sheet1!$J9/53 *3) -> 87.377455 | J12: =IF(AND(I12=0,H12=0),"Missing Values",H12-I12) -> 19.622545 | K12: ='WK4'!E12 -> 127 | L12: =[2]Sheet1!$G9+([2]Sheet1!$J9/53 *4) -> 87.836606 | M12: =IF(AND(L12=0,K12=0),"Missing Values",K12-L12) -> 39.163394 | N12: ='WK5'!E12 -> 0 | O12: =[2]Sheet1!$G9+([2]Sheet1!$J9/53 *5) -> 88.295758 | P12: =IF(AND(O12=0,N12=0),"Missing Values",N12-O12) -> -88.295758
A13: Elevation | B13: ='WK1'!E13 -> 76 | C13: =[2]Sheet1!$G10+([2]Sheet1!$J10/53) -> 58.30966 | D13: =IF(AND(C13=0,B13=0),"Missing Values",B13-C13) -> 17.69034 | E13: ='WK2 '!E13 -> 76 | F13: =[2]Sheet1!$G10+([2]Sheet1!$J10/53 *2) -> 58.619321 | G13: =IF(AND(F13=0,E13=0),"Missing Values",E13-F13) -> 17.380679 | H13: ='WK3'!E13 -> 79 | I13: =[2]Sheet1!$G10+([2]Sheet1!$J10/53 *3) -> 58.928981 | J13: =IF(AND(I13=0,H13=0),"Missing Values",H13-I13) -> 20.071019 | K13: ='WK4'!E13 -> 72 | L13: =[2]Sheet1!$G10+([2]Sheet1!$J10/53 *4) -> 59.238641 | M13: =IF(AND(L13=0,K13=0),"Missing Values",K13-L13) -> 12.761359 | N13: ='WK5'!E13 -> 0 | O13: =[2]Sheet1!$G10+([2]Sheet1!$J10/53 *5) -> 59.548302 | P13: =IF(AND(O13=0,N13=0),"Missing Values",N13-O13) -> -59.548302
A14: Precious | B14: ='WK1'!E14 -> 10 | C14: =[2]Sheet1!$G11+([2]Sheet1!$J11/53) -> 13.258086 | D14: =IF(AND(C14=0,B14=0),"Missing Values",B14-C14) -> -3.2580859 | E14: ='WK2 '!E14 -> 10 | F14: =[2]Sheet1!$G11+([2]Sheet1!$J11/53 *2) -> 13.516172 | G14: =IF(AND(F14=0,E14=0),"Missing Values",E14-F14) -> -3.5161717 | H14: ='WK3'!E14 -> 16 | I14: =[2]Sheet1!$G11+([2]Sheet1!$J11/53 *3) -> 13.774258 | J14: =IF(AND(I14=0,H14=0),"Missing Values",H14-I14) -> 2.2257424 | K14: ='WK4'!E14 -> 16 | L14: =[2]Sheet1!$G11+([2]Sheet1!$J11/53 *4) -> 14.032343 | M14: =IF(AND(L14=0,K14=0),"Missing Values",K14-L14) -> 1.9676565 | N14: ='WK5'!E14 -> 0 | O14: =[2]Sheet1!$G11+([2]Sheet1!$J11/53 *5) -> 14.290429 | P14: =IF(AND(O14=0,N14=0),"Missing Values",N14-O14) -> -14.290429
B15: =SUM(B11:B14) -> 441 | C15: =SUM(C11:C14) -> 474.70867 | D15: =SUM(D11:D14) -> -33.708674 | E15: =SUM(E11:E14) -> 441 | F15: =SUM(F11:F14) -> 477.41735 | G15: =SUM(G11:G14) -> -36.417347 | H15: =SUM(H11:H14) -> 419 | I15: =SUM(I11:I14) -> 480.12602 | ... P15: =SUM(P11:P14) -> -485.54337
A16: Goodnews | B16: ='WK1'!E16 -> 226 | C16: =[2]Sheet1!$G13+([2]Sheet1!$J13/53) -> 206.09449 | D16: =IF(AND(C16=0,B16=0),"Missing Values",B16-C16) -> 19.905511 | E16: ='WK2 '!E16 -> 226 | F16: =[2]Sheet1!$G13+([2]Sheet1!$J13/53 *2) -> 207.18898 | G16: =IF(AND(F16=0,E16=0),"Missing Values",E16-F16) -> 18.811022 | H16: ='WK3'!E16 -> 176 | I16: =[2]Sheet1!$G13+([2]Sheet1!$J13/53 *3) -> 208.28347 | J16: =IF(AND(I16=0,H16=0),"Missing Values",H16-I16) -> -32.283467 | K16: ='WK4'!E16 -> 234 | L16: =[2]Sheet1!$G13+([2]Sheet1!$J13/53 *4) -> 209.37796 | M16: =IF(AND(L16=0,K16=0),"Missing Values",K16-L16) -> 24.622044 | N16: ='WK5'!E16 -> 0 | O16: =[2]Sheet1!$G13+([2]Sheet1!$J13/53 *5) -> 210.47245 | P16: =IF(AND(O16=0,N16=0),"Missing Values",N16-O16) -> -210.47245
A17: Shiloh | B17: ='WK1'!E17 -> 261 | C17: =[2]Sheet1!$G14+([2]Sheet1!$J14/53) -> 304.61771 | D17: =IF(AND(C17=0,B17=0),"Missing Values",B17-C17) -> -43.617708 | E17: ='WK2 '!E17 -> 261 | F17: =[2]Sheet1!$G14+([2]Sheet1!$J14/53 *2) -> 306.23542 | G17: =IF(AND(F17=0,E17=0),"Missing Values",E17-F17) -> -45.235417 | H17: ='WK3'!E17 -> 232 | I17: =[2]Sheet1!$G14+([2]Sheet1!$J14/53 *3) -> 307.85312 | J17: =IF(AND(I17=0,H17=0),"Missing Values",H17-I17) -> -75.853125 | K17: ='WK4'!E17 -> 257 | L17: =[2]Sheet1!$G14+([2]Sheet1!$J14/53 *4) -> 309.47083 | M17: =IF(AND(L17=0,K17=0),"Missing Values",K17-L17) -> -52.470833 | N17: ='WK5'!E17 -> 0 | O17: =[2]Sheet1!$G14+([2]Sheet1!$J14/53 *5) -> 311.08854 | P17: =IF(AND(O17=0,N17=0),"Missing Values",N17-O17) -> -311.08854
A18: Lords | B18: ='WK1'!E18 -> 42 | C18: =[2]Sheet1!$G15+([2]Sheet1!$J15/53) -> 57.304321 | D18: =IF(AND(C18=0,B18=0),"Missing Values",B18-C18) -> -15.304321 | E18: ='WK2 '!E18 -> 42 | F18: =[2]Sheet1!$G15+([2]Sheet1!$J15/53 *2) -> 57.608643 | G18: =IF(AND(F18=0,E18=0),"Missing Values",E18-F18) -> -15.608643 | H18: ='WK3'!E18 -> 48 | I18: =[2]Sheet1!$G15+([2]Sheet1!$J15/53 *3) -> 57.912964 | J18: =IF(AND(I18=0,H18=0),"Missing Values",H18-I18) -> -9.9129641 | K18: ='WK4'!E18 -> 59 | L18: =[2]Sheet1!$G15+([2]Sheet1!$J15/53 *4) -> 58.217285 | M18: =IF(AND(L18=0,K18=0),"Missing Values",K18-L18) -> 0.78271455 | N18: ='WK5'!E18 -> 0 | O18: =[2]Sheet1!$G15+([2]Sheet1!$J15/53 *5) -> 58.521607 | P18: =IF(AND(O18=0,N18=0),"Missing Values",N18-O18) -> -58.521607
A19: Redemption | B19: ='WK1'!E19 -> 15 | C19: =[2]Sheet1!$G16+([2]Sheet1!$J16/53) -> 14.263425 | D19: =IF(AND(C19=0,B19=0),"Missing Values",B19-C19) -> 0.73657516 | E19: ='WK2 '!E19 -> 15 | F19: =[2]Sheet1!$G16+([2]Sheet1!$J16/53 *2) -> 14.52685 | G19: =IF(AND(F19=0,E19=0),"Missing Values",E19-F19) -> 0.47315031 | H19: ='WK3'!E19 -> 12 | I19: =[2]Sheet1!$G16+([2]Sheet1!$J16/53 *3) -> 14.790275 | J19: =IF(AND(I19=0,H19=0),"Missing Values",H19-I19) -> -2.7902745 | K19: ='WK4'!E19 -> 9 | L19: =[2]Sheet1!$G16+([2]Sheet1!$J16/53 *4) -> 15.053699 | M19: =IF(AND(L19=0,K19=0),"Missing Values",K19-L19) -> -6.0536994 | N19: ='WK5'!E19 -> 0 | O19: =[2]Sheet1!$G16+([2]Sheet1!$J16/53 *5) -> 15.317124 | P19: =IF(AND(O19=0,N19=0),"Missing Values",N19-O19) -> -15.317124
A20: Upper room | B20: ='WK1'!E20 -> 37 | C20: =[2]Sheet1!$G17+([2]Sheet1!$J17/53) -> 85.453813 | D20: =IF(AND(C20=0,B20=0),"Missing Values",B20-C20) -> -48.453813 | E20: ='WK2 '!E20 -> 37 | F20: =[2]Sheet1!$G17+([2]Sheet1!$J17/53 *2) -> 85.907625 | G20: =IF(AND(F20=0,E20=0),"Missing Values",E20-F20) -> -48.907625 | H20: ='WK3'!E20 -> 109 | I20: =[2]Sheet1!$G17+([2]Sheet1!$J17/53 *3) -> 86.361438 | J20: =IF(AND(I20=0,H20=0),"Missing Values",H20-I20) -> 22.638562 | K20: ='WK4'!E20 -> 0 | L20: =[2]Sheet1!$G17+([2]Sheet1!$J17/53 *4) -> 86.81525 | M20: =IF(AND(L20=0,K20=0),"Missing Values",K20-L20) -> -86.81525 | N20: ='WK5'!E20 -> 0 | O20: =[2]Sheet1!$G17+([2]Sheet1!$J17/53 *5) -> 87.269063 | P20: =IF(AND(O20=0,N20=0),"Missing Values",N20-O20) -> -87.269063
B21: =SUM(B16:B20) -> 581 | C21: =SUM(C16:C20) -> 667.73376 | D21: =SUM(D16:D20) -> -86.733756 | E21: =SUM(E16:E20) -> 581 | F21: =SUM(F16:F20) -> 671.46751 | G21: =SUM(G16:G20) -> -90.467512 | H21: =SUM(H16:H20) -> 577 | I21: =SUM(I16:I20) -> 675.20127 | ... P21: =SUM(P16:P20) -> -682.66878
A22: Dominion | B22: ='WK1'!E22 -> 106 | C22: =[2]Sheet1!$G19+([2]Sheet1!$J19/53) -> 134.71542 | D22: =IF(AND(C22=0,B22=0),"Missing Values",B22-C22) -> -28.715422 | E22: ='WK2 '!E22 -> 106 | F22: =[2]Sheet1!$G19+([2]Sheet1!$J19/53 *2) -> 135.43084 | G22: =IF(AND(F22=0,E22=0),"Missing Values",E22-F22) -> -29.430844 | H22: ='WK3'!E22 -> 105 | I22: =[2]Sheet1!$G19+([2]Sheet1!$J19/53 *3) -> 136.14627 | J22: =IF(AND(I22=0,H22=0),"Missing Values",H22-I22) -> -31.146266 | K22: ='WK4'!E22 -> 97 | L22: =[2]Sheet1!$G19+([2]Sheet1!$J19/53 *4) -> 136.86169 | M22: =IF(AND(L22=0,K22=0),"Missing Values",K22-L22) -> -39.861689 | N22: ='WK5'!E22 -> 0 | O22: =[2]Sheet1!$G19+([2]Sheet1!$J19/53 *5) -> 137.57711 | P22: =IF(AND(O22=0,N22=0),"Missing Values",N22-O22) -> -137.57711
A23: Fruitful | B23: ='WK1'!E23 -> 0 | C23: =[2]Sheet1!$G20+([2]Sheet1!$J20/53) -> 37.197542 | D23: =IF(AND(C23=0,B23=0),"Missing Values",B23-C23) -> -37.197542 | E23: ='WK2 '!E23 -> 0 | F23: =[2]Sheet1!$G20+([2]Sheet1!$J20/53 *2) -> 37.395084 | G23: =IF(AND(F23=0,E23=0),"Missing Values",E23-F23) -> -37.395084 | H23: ='WK3'!E23 -> 0 | I23: =[2]Sheet1!$G20+([2]Sheet1!$J20/53 *3) -> 37.592626 | J23: =IF(AND(I23=0,H23=0),"Missing Values",H23-I23) -> -37.592626 | K23: ='WK4'!E23 -> 0 | L23: =[2]Sheet1!$G20+([2]Sheet1!$J20/53 *4) -> 37.790168 | M23: =IF(AND(L23=0,K23=0),"Missing Values",K23-L23) -> -37.790168 | N23: ='WK5'!E23 -> 0 | O23: =[2]Sheet1!$G20+([2]Sheet1!$J20/53 *5) -> 37.98771 | P23: =IF(AND(O23=0,N23=0),"Missing Values",N23-O23) -> -37.98771
A24: Heritage | B24: ='WK1'!E24 -> 158 | C24: =[2]Sheet1!$G21+([2]Sheet1!$J21/53) -> 224.19059 | D24: =IF(AND(C24=0,B24=0),"Missing Values",B24-C24) -> -66.190591 | E24: ='WK2 '!E24 -> 158 | F24: =[2]Sheet1!$G21+([2]Sheet1!$J21/53 *2) -> 225.38118 | G24: =IF(AND(F24=0,E24=0),"Missing Values",E24-F24) -> -67.381181 | H24: ='WK3'!E24 -> 195 | I24: =[2]Sheet1!$G21+([2]Sheet1!$J21/53 *3) -> 226.57177 | J24: =IF(AND(I24=0,H24=0),"Missing Values",H24-I24) -> -31.571772 | K24: ='WK4'!E24 -> 169 | L24: =[2]Sheet1!$G21+([2]Sheet1!$J21/53 *4) -> 227.76236 | M24: =IF(AND(L24=0,K24=0),"Missing Values",K24-L24) -> -58.762362 | N24: ='WK5'!E24 -> 0 | O24: =[2]Sheet1!$G21+([2]Sheet1!$J21/53 *5) -> 228.95295 | P24: =IF(AND(O24=0,N24=0),"Missing Values",N24-O24) -> -228.95295
A25: Convenant House | B25: ='WK1'!E25 -> 27 | C25: =[2]Sheet1!$G22+([2]Sheet1!$J22/53) -> 29.343509 | D25: =IF(AND(C25=0,B25=0),"Missing Values",B25-C25) -> -2.3435094 | E25: ='WK2 '!E25 -> 27 | F25: =[2]Sheet1!$G22+([2]Sheet1!$J22/53 *2) -> 29.687019 | G25: =IF(AND(F25=0,E25=0),"Missing Values",E25-F25) -> -2.6870188 | H25: ='WK3'!E25 -> 18 | I25: =[2]Sheet1!$G22+([2]Sheet1!$J22/53 *3) -> 30.030528 | J25: =IF(AND(I25=0,H25=0),"Missing Values",H25-I25) -> -12.030528 | K25: ='WK4'!E25 -> 32 | L25: =[2]Sheet1!$G22+([2]Sheet1!$J22/53 *4) -> 30.374038 | M25: =IF(AND(L25=0,K25=0),"Missing Values",K25-L25) -> 1.6259623 | N25: ='WK5'!E25 -> 0 | O25: =[2]Sheet1!$G22+([2]Sheet1!$J22/53 *5) -> 30.717547 | P25: =IF(AND(O25=0,N25=0),"Missing Values",N25-O25) -> -30.717547
B26: =SUM(B22:B25) -> 291 | C26: =SUM(C22:C25) -> 425.44706 | D26: =SUM(D22:D25) -> -134.44706 | E26: =SUM(E22:E25) -> 291 | F26: =SUM(F22:F25) -> 427.89413 | G26: =SUM(G22:G25) -> -136.89413 | H26: =SUM(H22:H25) -> 318 | I26: =SUM(I22:I25) -> 430.34119 | ... P26: =SUM(P22:P25) -> -435.23532
A27: I - care | B27: ='WK1'!E27 -> 114 | C27: =[2]Sheet1!$G24+([2]Sheet1!$J24/53) -> 90.480507 | D27: =IF(AND(C27=0,B27=0),"Missing Values",B27-C27) -> 23.519493 | E27: ='WK2 '!E27 -> 114 | F27: =[2]Sheet1!$G24+([2]Sheet1!$J24/53 *2) -> 90.961015 | G27: =IF(AND(F27=0,E27=0),"Missing Values",E27-F27) -> 23.038985 | H27: ='WK3'!E27 -> 92 | I27: =[2]Sheet1!$G24+([2]Sheet1!$J24/53 *3) -> 91.441522 | J27: =IF(AND(I27=0,H27=0),"Missing Values",H27-I27) -> 0.55847775 | K27: ='WK4'!E27 -> 98 | L27: =[2]Sheet1!$G24+([2]Sheet1!$J24/53 *4) -> 91.92203 | M27: =IF(AND(L27=0,K27=0),"Missing Values",K27-L27) -> 6.0779703 | N27: ='WK5'!E27 -> 0 | O27: =[2]Sheet1!$G24+([2]Sheet1!$J24/53 *5) -> 92.402537 | P27: =IF(AND(O27=0,N27=0),"Missing Values",N27-O27) -> -92.402537
A28: Favour | B28: ='WK1'!E28 -> 35 | C28: =[2]Sheet1!$G25+([2]Sheet1!$J25/53) -> 55.293643 | D28: =IF(AND(C28=0,B28=0),"Missing Values",B28-C28) -> -20.293643 | E28: ='WK2 '!E28 -> 35 | F28: =[2]Sheet1!$G25+([2]Sheet1!$J25/53 *2) -> 55.587287 | G28: =IF(AND(F28=0,E28=0),"Missing Values",E28-F28) -> -20.587287 | H28: ='WK3'!E28 -> 33 | I28: =[2]Sheet1!$G25+([2]Sheet1!$J25/53 *3) -> 55.88093 | J28: =IF(AND(I28=0,H28=0),"Missing Values",H28-I28) -> -22.88093 | K28: ='WK4'!E28 -> 38 | L28: =[2]Sheet1!$G25+([2]Sheet1!$J25/53 *4) -> 56.174574 | M28: =IF(AND(L28=0,K28=0),"Missing Values",K28-L28) -> -18.174574 | N28: ='WK5'!E28 -> 0 | O28: =[2]Sheet1!$G25+([2]Sheet1!$J25/53 *5) -> 56.468217 | P28: =IF(AND(O28=0,N28=0),"Missing Values",N28-O28) -> -56.468217
A29: Praise | B29: ='WK1'!E29 -> 117 | C29: =[2]Sheet1!$G26+([2]Sheet1!$J26/53) -> 130.69407 | D29: =IF(AND(C29=0,B29=0),"Missing Values",B29-C29) -> -13.694066 | E29: ='WK2 '!E29 -> 117 | F29: =[2]Sheet1!$G26+([2]Sheet1!$J26/53 *2) -> 131.38813 | G29: =IF(AND(F29=0,E29=0),"Missing Values",E29-F29) -> -14.388133 | H29: ='WK3'!E29 -> 120 | I29: =[2]Sheet1!$G26+([2]Sheet1!$J26/53 *3) -> 132.0822 | J29: =IF(AND(I29=0,H29=0),"Missing Values",H29-I29) -> -12.082199 | K29: ='WK4'!E29 -> 116 | L29: =[2]Sheet1!$G26+([2]Sheet1!$J26/53 *4) -> 132.77627 | M29: =IF(AND(L29=0,K29=0),"Missing Values",K29-L29) -> -16.776265 | N29: ='WK5'!E29 -> 0 | O29: =[2]Sheet1!$G26+([2]Sheet1!$J26/53 *5) -> 133.47033 | P29: =IF(AND(O29=0,N29=0),"Missing Values",N29-O29) -> -133.47033
A30: Restoration | B30: ='WK1'!E30 -> 109 | C30: =[2]Sheet1!$G27+([2]Sheet1!$J27/53) -> 102.54458 | D30: =IF(AND(C30=0,B30=0),"Missing Values",B30-C30) -> 6.4554249 | E30: ='WK2 '!E30 -> 109 | F30: =[2]Sheet1!$G27+([2]Sheet1!$J27/53 *2) -> 103.08915 | G30: =IF(AND(F30=0,E30=0),"Missing Values",E30-F30) -> 5.9108499 | H30: ='WK3'!E30 -> 70 | I30: =[2]Sheet1!$G27+([2]Sheet1!$J27/53 *3) -> 103.63373 | J30: =IF(AND(I30=0,H30=0),"Missing Values",H30-I30) -> -33.633725 | K30: ='WK4'!E30 -> 77 | L30: =[2]Sheet1!$G27+([2]Sheet1!$J27/53 *4) -> 104.1783 | M30: =IF(AND(L30=0,K30=0),"Missing Values",K30-L30) -> -27.1783 | N30: ='WK5'!E30 -> 0 | O30: =[2]Sheet1!$G27+([2]Sheet1!$J27/53 *5) -> 104.72288 | P30: =IF(AND(O30=0,N30=0),"Missing Values",N30-O30) -> -104.72288
A31: Royal Tabernacle | B31: ='WK1'!E31 -> 44 | C31: =[2]Sheet1!$G28+([2]Sheet1!$J28/53) -> 93.496524 | D31: =IF(AND(C31=0,B31=0),"Missing Values",B31-C31) -> -49.496524 | E31: ='WK2 '!E31 -> 44 | F31: =[2]Sheet1!$G28+([2]Sheet1!$J28/53 *2) -> 93.993049 | G31: =IF(AND(F31=0,E31=0),"Missing Values",E31-F31) -> -49.993049 | H31: ='WK3'!E31 -> 44 | I31: =[2]Sheet1!$G28+([2]Sheet1!$J28/53 *3) -> 94.489573 | J31: =IF(AND(I31=0,H31=0),"Missing Values",H31-I31) -> -50.489573 | K31: ='WK4'!E31 -> 39 | L31: =[2]Sheet1!$G28+([2]Sheet1!$J28/53 *4) -> 94.986097 | M31: =IF(AND(L31=0,K31=0),"Missing Values",K31-L31) -> -55.986097 | N31: ='WK5'!E31 -> 0 | O31: =[2]Sheet1!$G28+([2]Sheet1!$J28/53 *5) -> 95.482622 | P31: =IF(AND(O31=0,N31=0),"Missing Values",N31-O31) -> -95.482622
A32: Salem | B32: ='WK1'!E32 -> 67 | C32: =[2]Sheet1!$G29+([2]Sheet1!$J29/53) -> 79.421779 | D32: =IF(AND(C32=0,B32=0),"Missing Values",B32-C32) -> -12.421779 | E32: ='WK2 '!E32 -> 67 | F32: =[2]Sheet1!$G29+([2]Sheet1!$J29/53 *2) -> 79.843557 | G32: =IF(AND(F32=0,E32=0),"Missing Values",E32-F32) -> -12.843557 | H32: ='WK3'!E32 -> 67 | I32: =[2]Sheet1!$G29+([2]Sheet1!$J29/53 *3) -> 80.265336 | J32: =IF(AND(I32=0,H32=0),"Missing Values",H32-I32) -> -13.265336 | K32: ='WK4'!E32 -> 80 | L32: =[2]Sheet1!$G29+([2]Sheet1!$J29/53 *4) -> 80.687115 | M32: =IF(AND(L32=0,K32=0),"Missing Values",K32-L32) -> -0.68711493 | N32: ='WK5'!E32 -> 0 | O32: =[2]Sheet1!$G29+([2]Sheet1!$J29/53 *5) -> 81.108894 | P32: =IF(AND(O32=0,N32=0),"Missing Values",N32-O32) -> -81.108894
A33: City of Truth | B33: ='WK1'!E33 -> 83 | C33: =[2]Sheet1!$G30+([2]Sheet1!$J30/53) -> 81.432457 | D33: =IF(AND(C33=0,B33=0),"Missing Values",B33-C33) -> 1.5675433 | E33: ='WK2 '!E33 -> 83 | F33: =[2]Sheet1!$G30+([2]Sheet1!$J30/53 *2) -> 81.864913 | G33: =IF(AND(F33=0,E33=0),"Missing Values",E33-F33) -> 1.1350867 | H33: ='WK3'!E33 -> 77 | I33: =[2]Sheet1!$G30+([2]Sheet1!$J30/53 *3) -> 82.29737 | J33: =IF(AND(I33=0,H33=0),"Missing Values",H33-I33) -> -5.29737 | K33: ='WK4'!E33 -> 94 | L33: =[2]Sheet1!$G30+([2]Sheet1!$J30/53 *4) -> 82.729827 | M33: =IF(AND(L33=0,K33=0),"Missing Values",K33-L33) -> 11.270173 | N33: ='WK5'!E33 -> 0 | O33: =[2]Sheet1!$G30+([2]Sheet1!$J30/53 *5) -> 83.162283 | P33: =IF(AND(O33=0,N33=0),"Missing Values",N33-O33) -> -83.162283
A34: Peculiar | B34: ='WK1'!E34 -> 39 | C34: =[2]Sheet1!$G31+([2]Sheet1!$J31/53) -> 45.240254 | D34: =IF(AND(C34=0,B34=0),"Missing Values",B34-C34) -> -6.2402537 | E34: ='WK2 '!E34 -> 39 | F34: =[2]Sheet1!$G31+([2]Sheet1!$J31/53 *2) -> 45.480507 | G34: =IF(AND(F34=0,E34=0),"Missing Values",E34-F34) -> -6.4805074 | H34: ='WK3'!E34 -> 39 | I34: =[2]Sheet1!$G31+([2]Sheet1!$J31/53 *3) -> 45.720761 | J34: =IF(AND(I34=0,H34=0),"Missing Values",H34-I34) -> -6.7207611 | K34: ='WK4'!E34 -> 52 | L34: =[2]Sheet1!$G31+([2]Sheet1!$J31/53 *4) -> 45.961015 | M34: =IF(AND(L34=0,K34=0),"Missing Values",K34-L34) -> 6.0389852 | N34: ='WK5'!E34 -> 0 | O34: =[2]Sheet1!$G31+([2]Sheet1!$J31/53 *5) -> 46.201269 | P34: =IF(AND(O34=0,N34=0),"Missing Values",N34-O34) -> -46.201269
A35: Miracle | B35: ='WK1'!E35 -> 18 | C35: =[2]Sheet1!$G32+([2]Sheet1!$J32/53) -> 25.322154 | D35: =IF(AND(C35=0,B35=0),"Missing Values",B35-C35) -> -7.3221535 | E35: ='WK2 '!E35 -> 18 | F35: =[2]Sheet1!$G32+([2]Sheet1!$J32/53 *2) -> 25.644307 | G35: =IF(AND(F35=0,E35=0),"Missing Values",E35-F35) -> -7.6443071 | H35: ='WK3'!E35 -> 0 | I35: =[2]Sheet1!$G32+([2]Sheet1!$J32/53 *3) -> 25.966461 | J35: =IF(AND(I35=0,H35=0),"Missing Values",H35-I35) -> -25.966461 | K35: ='WK4'!E35 -> 23 | L35: =[2]Sheet1!$G32+([2]Sheet1!$J32/53 *4) -> 26.288614 | M35: =IF(AND(L35=0,K35=0),"Missing Values",K35-L35) -> -3.2886141 | N35: ='WK5'!E35 -> 0 | O35: =[2]Sheet1!$G32+([2]Sheet1!$J32/53 *5) -> 26.610768 | P35: =IF(AND(O35=0,N35=0),"Missing Values",N35-O35) -> -26.610768
B36: =SUM(B27:B35) -> 626 | C36: =SUM(C27:C35) -> 703.92596 | D36: =SUM(D27:D35) -> -77.925959 | E36: =SUM(E27:E35) -> 626 | F36: =SUM(F27:F35) -> 707.85192 | G36: =SUM(G27:G35) -> -81.851918 | H36: =SUM(H27:H35) -> 542 | I36: =SUM(I27:I35) -> 711.77788 | ... P36: =SUM(P27:P35) -> -719.6298
A37: Revival | B37: ='WK1'!E37 -> 208 | C37: =[2]Sheet1!$G34+([2]Sheet1!$J34/53) -> 417.21567 | D37: =IF(AND(C37=0,B37=0),"Missing Values",B37-C37) -> -209.21567 | E37: ='WK2 '!E37 -> 208 | F37: =[2]Sheet1!$G34+([2]Sheet1!$J34/53 *2) -> 419.43135 | G37: =IF(AND(F37=0,E37=0),"Missing Values",E37-F37) -> -211.43135 | H37: ='WK3'!E37 -> 0 | I37: =[2]Sheet1!$G34+([2]Sheet1!$J34/53 *3) -> 421.64702 | J37: =IF(AND(I37=0,H37=0),"Missing Values",H37-I37) -> -421.64702 | K37: ='WK4'!E37 -> 0 | L37: =[2]Sheet1!$G34+([2]Sheet1!$J34/53 *4) -> 423.86269 | M37: =IF(AND(L37=0,K37=0),"Missing Values",K37-L37) -> -423.86269 | N37: ='WK5'!E37 -> 0 | O37: =[2]Sheet1!$G34+([2]Sheet1!$J34/53 *5) -> 426.07837 | P37: =IF(AND(O37=0,N37=0),"Missing Values",N37-O37) -> -426.07837
A38: Throne of Mercy | B38: ='WK1'!E38 -> 13 | C38: =[2]Sheet1!$G35+([2]Sheet1!$J35/53) -> 11.247408 | D38: =IF(AND(C38=0,B38=0),"Missing Values",B38-C38) -> 1.7525921 | E38: ='WK2 '!E38 -> 13 | F38: =[2]Sheet1!$G35+([2]Sheet1!$J35/53 *2) -> 11.494816 | G38: =IF(AND(F38=0,E38=0),"Missing Values",E38-F38) -> 1.5051841 | H38: ='WK3'!E38 -> 13 | I38: =[2]Sheet1!$G35+([2]Sheet1!$J35/53 *3) -> 11.742224 | J38: =IF(AND(I38=0,H38=0),"Missing Values",H38-I38) -> 1.2577762 | K38: ='WK4'!E38 -> 21 | L38: =[2]Sheet1!$G35+([2]Sheet1!$J35/53 *4) -> 11.989632 | M38: =IF(AND(L38=0,K38=0),"Missing Values",K38-L38) -> 9.0103683 | N38: ='WK5'!E38 -> 0 | O38: =[2]Sheet1!$G35+([2]Sheet1!$J35/53 *5) -> 12.23704 | P38: =IF(AND(O38=0,N38=0),"Missing Values",N38-O38) -> -12.23704
A39: Transformation | B39: ='WK1'!E39 -> 0 | C39: =[2]Sheet1!$G36+([2]Sheet1!$J36/53) -> 0.18867925 | D39: =IF(AND(C39=0,B39=0),"Missing Values",B39-C39) -> -0.18867925 | E39: ='WK2 '!E39 -> 0 | F39: =[2]Sheet1!$G36+([2]Sheet1!$J36/53 *2) -> 0.37735849 | G39: =IF(AND(F39=0,E39=0),"Missing Values",E39-F39) -> -0.37735849 | H39: ='WK3'!E39 -> 0 | I39: =[2]Sheet1!$G36+([2]Sheet1!$J36/53 *3) -> 0.56603774 | J39: =IF(AND(I39=0,H39=0),"Missing Values",H39-I39) -> -0.56603774 | K39: ='WK4'!E39 -> 0 | L39: =[2]Sheet1!$G36+([2]Sheet1!$J36/53 *4) -> 0.75471698 | M39: =IF(AND(L39=0,K39=0),"Missing Values",K39-L39) -> -0.75471698 | N39: ='WK5'!E39 -> 0 | O39: =[2]Sheet1!$G36+([2]Sheet1!$J36/53 *5) -> 0.94339623 | P39: =IF(AND(O39=0,N39=0),"Missing Values",N39-O39) -> -0.94339623
A40: Salvation | B40: ='WK1'!E40 -> 0 | C40: =[2]Sheet1!$G37+([2]Sheet1!$J37/53) -> 42.224237 | D40: =IF(AND(C40=0,B40=0),"Missing Values",B40-C40) -> -42.224237 | E40: ='WK2 '!E40 -> 0 | F40: =[2]Sheet1!$G37+([2]Sheet1!$J37/53 *2) -> 42.448474 | G40: =IF(AND(F40=0,E40=0),"Missing Values",E40-F40) -> -42.448474 | H40: ='WK3'!E40 -> 0 | I40: =[2]Sheet1!$G37+([2]Sheet1!$J37/53 *3) -> 42.67271 | J40: =IF(AND(I40=0,H40=0),"Missing Values",H40-I40) -> -42.67271 | K40: ='WK4'!E40 -> 0 | L40: =[2]Sheet1!$G37+([2]Sheet1!$J37/53 *4) -> 42.896947 | M40: =IF(AND(L40=0,K40=0),"Missing Values",K40-L40) -> -42.896947 | N40: ='WK5'!E40 -> 0 | O40: =[2]Sheet1!$G37+([2]Sheet1!$J37/53 *5) -> 43.121184 | P40: =IF(AND(O40=0,N40=0),"Missing Values",N40-O40) -> -43.121184
A41: Freedom | B41: ='WK1'!E41 -> 0 | C41: =[2]Sheet1!$G38+([2]Sheet1!$J38/53) -> 20.295459 | D41: =IF(AND(C41=0,B41=0),"Missing Values",B41-C41) -> -20.295459 | E41: ='WK2 '!E41 -> 0 | F41: =[2]Sheet1!$G38+([2]Sheet1!$J38/53 *2) -> 20.590917 | G41: =IF(AND(F41=0,E41=0),"Missing Values",E41-F41) -> -20.590917 | H41: ='WK3'!E41 -> 0 | I41: =[2]Sheet1!$G38+([2]Sheet1!$J38/53 *3) -> 20.886376 | J41: =IF(AND(I41=0,H41=0),"Missing Values",H41-I41) -> -20.886376 | K41: ='WK4'!E41 -> 0 | L41: =[2]Sheet1!$G38+([2]Sheet1!$J38/53 *4) -> 21.181835 | M41: =IF(AND(L41=0,K41=0),"Missing Values",K41-L41) -> -21.181835 | N41: ='WK5'!E41 -> 0 | O41: =[2]Sheet1!$G38+([2]Sheet1!$J38/53 *5) -> 21.477293 | P41: =IF(AND(O41=0,N41=0),"Missing Values",N41-O41) -> -21.477293
A42: Dunamis | B42: ='WK1'!E42 -> 0 | C42: =[2]Sheet1!$G39+([2]Sheet1!$J39/53) -> 13.258086 | D42: =IF(AND(C42=0,B42=0),"Missing Values",B42-C42) -> -13.258086 | E42: ='WK2 '!E42 -> 0 | F42: =[2]Sheet1!$G39+([2]Sheet1!$J39/53 *2) -> 13.516172 | G42: =IF(AND(F42=0,E42=0),"Missing Values",E42-F42) -> -13.516172 | H42: ='WK3'!E42 -> 0 | I42: =[2]Sheet1!$G39+([2]Sheet1!$J39/53 *3) -> 13.774258 | J42: =IF(AND(I42=0,H42=0),"Missing Values",H42-I42) -> -13.774258 | K42: ='WK4'!E42 -> 0 | L42: =[2]Sheet1!$G39+([2]Sheet1!$J39/53 *4) -> 14.032343 | M42: =IF(AND(L42=0,K42=0),"Missing Values",K42-L42) -> -14.032343 | N42: ='WK5'!E42 -> 0 | O42: =[2]Sheet1!$G39+([2]Sheet1!$J39/53 *5) -> 14.290429 | P42: =IF(AND(O42=0,N42=0),"Missing Values",N42-O42) -> -14.290429
A43: Word of Life | B43: ='WK1'!E43 -> 0 | C43: =[2]Sheet1!$G40+([2]Sheet1!$J40/53) -> 22.188679 | D43: =IF(AND(C43=0,B43=0),"Missing Values",B43-C43) -> -22.188679 | E43: ='WK2 '!E43 -> 0 | F43: =[2]Sheet1!$G40+([2]Sheet1!$J40/53 *2) -> 22.377358 | G43: =IF(AND(F43=0,E43=0),"Missing Values",E43-F43) -> -22.377358 | H43: ='WK3'!E43 -> 0 | I43: =[2]Sheet1!$G40+([2]Sheet1!$J40/53 *3) -> 22.566038 | J43: =IF(AND(I43=0,H43=0),"Missing Values",H43-I43) -> -22.566038 | K43: ='WK4'!E43 -> 0 | L43: =[2]Sheet1!$G40+([2]Sheet1!$J40/53 *4) -> 22.754717 | M43: =IF(AND(L43=0,K43=0),"Missing Values",K43-L43) -> -22.754717 | N43: ='WK5'!E43 -> 0 | O43: =[2]Sheet1!$G40+([2]Sheet1!$J40/53 *5) -> 22.943396 | P43: =IF(AND(O43=0,N43=0),"Missing Values",N43-O43) -> -22.943396
A44: Goshen | B44: ='WK1'!E44 -> 12 | C44: =[2]Sheet1!$G41+([2]Sheet1!$J41/53) -> 11.188679 | D44: =IF(AND(C44=0,B44=0),"Missing Values",B44-C44) -> 0.81132075 | E44: ='WK2 '!E44 -> 12 | F44: =[2]Sheet1!$G41+([2]Sheet1!$J41/53 *2) -> 11.377358 | G44: =IF(AND(F44=0,E44=0),"Missing Values",E44-F44) -> 0.62264151 | H44: ='WK3'!E44 -> 0 | I44: =[2]Sheet1!$G41+([2]Sheet1!$J41/53 *3) -> 11.566038 | J44: =IF(AND(I44=0,H44=0),"Missing Values",H44-I44) -> -11.566038 | K44: ='WK4'!E44 -> 0 | L44: =[2]Sheet1!$G41+([2]Sheet1!$J41/53 *4) -> 11.754717 | M44: =IF(AND(L44=0,K44=0),"Missing Values",K44-L44) -> -11.754717 | N44: ='WK5'!E44 -> 0 | O44: =[2]Sheet1!$G41+([2]Sheet1!$J41/53 *5) -> 11.943396 | P44: =IF(AND(O44=0,N44=0),"Missing Values",N44-O44) -> -11.943396
A45: Fruitful Vine | B45: ='WK1'!E45 -> 0 | C45: =[2]Sheet1!$G42+([2]Sheet1!$J42/53) -> 8.231391 | D45: =IF(AND(C45=0,B45=0),"Missing Values",B45-C45) -> -8.231391 | E45: ='WK2 '!E45 -> 0 | F45: =[2]Sheet1!$G42+([2]Sheet1!$J42/53 *2) -> 8.462782 | G45: =IF(AND(F45=0,E45=0),"Missing Values",E45-F45) -> -8.462782 | H45: ='WK3'!E45 -> 0 | I45: =[2]Sheet1!$G42+([2]Sheet1!$J42/53 *3) -> 8.694173 | J45: =IF(AND(I45=0,H45=0),"Missing Values",H45-I45) -> -8.694173 | K45: ='WK4'!E45 -> 0 | L45: =[2]Sheet1!$G42+([2]Sheet1!$J42/53 *4) -> 8.9255641 | M45: =IF(AND(L45=0,K45=0),"Missing Values",K45-L45) -> -8.9255641 | N45: ='WK5'!E45 -> 0 | O45: =[2]Sheet1!$G42+([2]Sheet1!$J42/53 *5) -> 9.1569551 | P45: =IF(AND(O45=0,N45=0),"Missing Values",N45-O45) -> -9.1569551
A46: Mercy | B46: ='WK1'!E46 -> 0 | C46: =[2]Sheet1!$G43+([2]Sheet1!$J43/53) -> 15.363103 | D46: =IF(AND(C46=0,B46=0),"Missing Values",B46-C46) -> -15.363103 | E46: ='WK2 '!E46 -> 0 | F46: =[2]Sheet1!$G43+([2]Sheet1!$J43/53 *2) -> 15.726207 | G46: =IF(AND(F46=0,E46=0),"Missing Values",E46-F46) -> -15.726207 | H46: ='WK3'!E46 -> 0 | I46: =[2]Sheet1!$G43+([2]Sheet1!$J43/53 *3) -> 16.08931 | J46: =IF(AND(I46=0,H46=0),"Missing Values",H46-I46) -> -16.08931 | K46: ='WK4'!E46 -> 0 | L46: =[2]Sheet1!$G43+([2]Sheet1!$J43/53 *4) -> 16.452414 | M46: =IF(AND(L46=0,K46=0),"Missing Values",K46-L46) -> -16.452414 | N46: ='WK5'!E46 -> 0 | O46: =[2]Sheet1!$G43+([2]Sheet1!$J43/53 *5) -> 16.815517 | P46: =IF(AND(O46=0,N46=0),"Missing Values",N46-O46) -> -16.815517
A47: Peace | B47: ='WK1'!E47 -> 0 | C47: =[2]Sheet1!$G44+([2]Sheet1!$J44/53) -> 11.247408 | D47: =IF(AND(C47=0,B47=0),"Missing Values",B47-C47) -> -11.247408 | E47: ='WK2 '!E47 -> 0 | F47: =[2]Sheet1!$G44+([2]Sheet1!$J44/53 *2) -> 11.494816 | G47: =IF(AND(F47=0,E47=0),"Missing Values",E47-F47) -> -11.494816 | H47: ='WK3'!E47 -> 0 | I47: =[2]Sheet1!$G44+([2]Sheet1!$J44/53 *3) -> 11.742224 | J47: =IF(AND(I47=0,H47=0),"Missing Values",H47-I47) -> -11.742224 | K47: ='WK4'!E47 -> 0 | L47: =[2]Sheet1!$G44+([2]Sheet1!$J44/53 *4) -> 11.989632 | M47: =IF(AND(L47=0,K47=0),"Missing Values",K47-L47) -> -11.989632 | N47: ='WK5'!E47 -> 0 | O47: =[2]Sheet1!$G44+([2]Sheet1!$J44/53 *5) -> 12.23704 | P47: =IF(AND(O47=0,N47=0),"Missing Values",N47-O47) -> -12.23704
A48: Pillar of Light and Truth | B48: ='WK1'!E48 -> 0 | C48: =[2]Sheet1!$G45+([2]Sheet1!$J45/53) -> 31.354187 | D48: =IF(AND(C48=0,B48=0),"Missing Values",B48-C48) -> -31.354187 | E48: ='WK2 '!E48 -> 0 | F48: =[2]Sheet1!$G45+([2]Sheet1!$J45/53 *2) -> 31.708375 | G48: =IF(AND(F48=0,E48=0),"Missing Values",E48-F48) -> -31.708375 | H48: ='WK3'!E48 -> 0 | I48: =[2]Sheet1!$G45+([2]Sheet1!$J45/53 *3) -> 32.062562 | J48: =IF(AND(I48=0,H48=0),"Missing Values",H48-I48) -> -32.062562 | K48: ='WK4'!E48 -> 0 | L48: =[2]Sheet1!$G45+([2]Sheet1!$J45/53 *4) -> 32.416749 | M48: =IF(AND(L48=0,K48=0),"Missing Values",K48-L48) -> -32.416749 | N48: ='WK5'!E48 -> 0 | O48: =[2]Sheet1!$G45+([2]Sheet1!$J45/53 *5) -> 32.770937 | P48: =IF(AND(O48=0,N48=0),"Missing Values",N48-O48) -> -32.770937
A49: Joyful Centre | B49: ='WK1'!E49 -> 0 | C49: =[2]Sheet1!$G46+([2]Sheet1!$J46/53) -> 47.250932 | D49: =IF(AND(C49=0,B49=0),"Missing Values",B49-C49) -> -47.250932 | E49: ='WK2 '!E49 -> 0 | F49: =[2]Sheet1!$G46+([2]Sheet1!$J46/53 *2) -> 47.501863 | G49: =IF(AND(F49=0,E49=0),"Missing Values",E49-F49) -> -47.501863 | H49: ='WK3'!E49 -> 0 | I49: =[2]Sheet1!$G46+([2]Sheet1!$J46/53 *3) -> 47.752795 | J49: =IF(AND(I49=0,H49=0),"Missing Values",H49-I49) -> -47.752795 | K49: ='WK4'!E49 -> 0 | L49: =[2]Sheet1!$G46+([2]Sheet1!$J46/53 *4) -> 48.003727 | M49: =IF(AND(L49=0,K49=0),"Missing Values",K49-L49) -> -48.003727 | N49: ='WK5'!E49 -> 0 | O49: =[2]Sheet1!$G46+([2]Sheet1!$J46/53 *5) -> 48.254658 | P49: =IF(AND(O49=0,N49=0),"Missing Values",N49-O49) -> -48.254658
B50: =SUM(B37:B49) -> 233 | C50: =SUM(C37:C49) -> 651.25392 | D50: =SUM(D37:D49) -> -418.25392 | E50: =SUM(E37:E49) -> 233 | F50: =SUM(F37:F49) -> 656.50784 | G50: =SUM(G37:G49) -> -423.50784 | H50: =SUM(H37:H49) -> 13 | I50: =SUM(I37:I49) -> 661.76176 | ... P50: =SUM(P37:P49) -> -672.26961
A51: GRAND TOTAL | B51: =SUM(B6:B50)/2 -> 2737 | C51: =SUM(C6:C50)/2 -> 3555.8049 | D51: =SUM(D6:D50)/2 -> -818.80495 | E51: =SUM(E6:E50)/2 -> 2737 | F51: =SUM(F6:F50)/2 -> 3577.6099 | G51: =SUM(G6:G50)/2 -> -840.60989 | H51: =SUM(H6:H50)/2 -> 2413 | I51: =SUM(I6:I50)/2 -> 3599.4148 | ... P51: =SUM(P6:P50)/2 -> -3643.0247

Sheet WK1
B4: ATTENDANCE | F4: INCOME | N4: IMPACT | P4: ALLOCATIONS | S4: CUT OFF DATE [COD] | W4: ATTENDANCE TO PROGRAMMES | AB4: OTHERS
A5: Church Name | B5: Male | C5: Female | D5: Children | E5: Total | F5: Offering | G5: Tithes | H5: N-Missions | I5: H-Missions | J5: S-Missions | K5: GHTI | L5: Thanksgiving | M5: Total | N5: Testimonies | O5: First timers | P5: State | Q5: Regional | R5: National | S5: State | T5: Regional | U5: National | V5: COD Total | W5: Zone | X5: State | Y5: Regional | Z5: National | AA5: Average | AB5: Firstfruits | AC5: Arise & Build | AD5: CRMIC | AE5: Total
A6: Rehoboth | B6: 85 | C6: 86 | D6: 71 | E6: =SUM(B6:D6) -> 242 | F6: 47700 | G6: 18900 | H6: 0 | I6: 3600 | J6: 0 | K6: 17210 | L6: 0 | M6: =SUM(F6:L6) -> 87410 | N6: 1 | O6: 0 | P6: 0 | Q6: 0 | R6: 0 | S6: 0 | T6: 0 | U6: 0 | V6: =SUM(S6:U6) -> 0 | W6: 0 | X6: 0 | Y6: 0 | Z6: 0 | AA6: =IF(SUM(W6:Z6)>0,AVERAGEIF(W6:Z6,"<>0"),"-") -> - | AB6: 0 | AC6: 0 | AD6: 0 | AE6: =SUM(AB6:AD6) -> 0
A7: Love International | B7: 80 | C7: 115 | D7: 85 | E7: =SUM(B7:D7) -> 280 | F7: 46050 | G7: 15000 | H7: 0 | I7: 2400 | J7: 0 | K7: 5900 | L7: 10500 | M7: =SUM(F7:L7) -> 79850 | N7: 3 | O7: 3 | P7: 0 | Q7: 0 | R7: 0 | S7: 0 | T7: 0 | U7: 0 | V7: =SUM(S7:U7) -> 0 | W7: 0 | X7: 0 | Y7: 0 | Z7: 0 | AA7: =IF(SUM(W7:Z7)>0,AVERAGEIF(W7:Z7,"<>0"),"-") -> - | AB7: 0 | AC7: 0 | AD7: 0 | AE7: =SUM(AB7:AD7) -> 0
A8: Throne of Greatness | B8: 3 | C8: 8 | D8: 1 | E8: =SUM(B8:D8) -> 12 | F8: 3200 | G8: 0 | H8: 0 | I8: 0 | J8: 0 | K8: 0 | L8: 0 | M8: =SUM(F8:L8) -> 3200 | N8: 0 | O8: 0 | P8: 0 | Q8: 0 | R8: 0 | S8: 0 | T8: 0 | U8: 0 | V8: =SUM(S8:U8) -> 0 | W8: 0 | X8: 0 | Y8: 0 | Z8: 0 | AA8: =IF(SUM(W8:Z8)>0,AVERAGEIF(W8:Z8,"<>0"),"-") -> - | AB8: 0 | AC8: 0 | AD8: 0 | AE8: =SUM(AB8:AD8) -> 0
A9: Shekinar Glory | B9: 14 | C9: 11 | D9: 6 | E9: =SUM(B9:D9) -> 31 | F9: 5500 | G9: 0 | H9: 0 | I9: 0 | J9: 0 | K9: 0 | L9: 0 | M9: =SUM(F9:L9) -> 5500 | N9: 5 | O9: 0 | P9: 0 | Q9: 0 | R9: 0 | S9: 0 | T9: 0 | U9: 0 | V9: =SUM(S9:U9) -> 0 | W9: 0 | X9: 0 | Y9: 0 | Z9: 0 | AA9: =IF(SUM(W9:Z9)>0,AVERAGEIF(W9:Z9,"<>0"),"-") -> - | AB9: 0 | AC9: 0 | AD9: 0 | AE9: =SUM(AB9:AD9) -> 0
B10: =SUM(B6:B9) -> 182 | C10: =SUM(C6:C9) -> 220 | D10: =SUM(D6:D9) -> 163 | E10: =SUM(E6:E9) -> 565 | F10: =SUM(F6:F9) -> 102450 | G10: =SUM(G6:G9) -> 33900 | H10: =SUM(H6:H9) -> 0 | I10: =SUM(I6:I9) -> 6000 | ... U10: =SUM(U6:U9) -> 0 | V10: =IF(SUM(V6:V9)>0,AVERAGEIF(V6:V9,"<>0"),0) -> 0 | W10: =SUM(W6:W9) -> 0 | X10: =SUM(X6:X9) -> 0 | Y10: =SUM(Y6:Y9) -> 0 | Z10: =SUM(Z6:Z9) -> 0 | AA10: =IF(SUM(AA6:AA9),AVERAGEIF(AA6:AA9,"<>0"),0) -> 0 | AB10: =SUM(AB6:AB9) -> 0 | AC10: =SUM(AC6:AC9) -> 0 | AD10: =SUM(AD6:AD9) -> 0 | AE10: =SUM(AE6:AE9) -> 0
A11: Zion Faith Int'l | B11: 89 | C11: 81 | D11: 77 | E11: =SUM(B11:D11) -> 247 | F11: 46750 | G11: 4000 | H11: 0 | I11: 0 | J11: 0 | K11: 0 | L11: 0 | M11: =SUM(F11:L11) -> 50750 | N11: 0 | O11: 0 | P11: 0 | Q11: 0 | R11: 0 | S11: 0 | T11: 0 | U11: 0 | V11: =SUM(S11:U11) -> 0 | W11: 0 | X11: 0 | Y11: 0 | Z11: 0 | AA11: =IF(SUM(W11:Z11)>0,AVERAGEIF(W11:Z11,"<>0"),"-") -> - | AB11: 0 | AC11: 0 | AD11: 0 | AE11: =SUM(AB11:AD11) -> 0
A12: Maranatha | B12: 22 | C12: 40 | D12: 46 | E12: =SUM(B12:D12) -> 108 | F12: 14950 | G12: 7250 | H12: 0 | I12: 0 | J12: 0 | K12: 0 | L12: 0 | M12: =SUM(F12:L12) -> 22200 | N12: 2 | O12: 0 | P12: 0 | Q12: 0 | R12: 0 | S12: 0 | T12: 0 | U12: 0 | V12: =SUM(S12:U12) -> 0 | W12: 0 | X12: 0 | Y12: 0 | Z12: 0 | AA12: =IF(SUM(W12:Z12)>0,AVERAGEIF(W12:Z12,"<>0"),"-") -> - | AB12: 0 | AC12: 0 | AD12: 0 | AE12: =SUM(AB12:AD12) -> 0
A13: Elevation | B13: 22 | C13: 25 | D13: 29 | E13: =SUM(B13:D13) -> 76 | F13: 28050 | G13: 2000 | H13: 0 | I13: 0 | J13: 0 | K13: 0 | L13: 8000 | M13: =SUM(F13:L13) -> 38050 | N13: 2 | O13: 0 | P13: 0 | Q13: 0 | R13: 0 | S13: 0 | T13: 0 | U13: 0 | V13: =SUM(S13:U13) -> 0 | W13: 0 | X13: 0 | Y13: 0 | Z13: 0 | AA13: =IF(SUM(W13:Z13)>0,AVERAGEIF(W13:Z13,"<>0"),"-") -> - | AB13: 0 | AC13: 0 | AD13: 0 | AE13: =SUM(AB13:AD13) -> 0
A14: Precious | B14: 4 | C14: 2 | D14: 4 | E14: =SUM(B14:D14) -> 10 | F14: 900 | G14: 200 | H14: 0 | I14: 0 | J14: 0 | K14: 0 | L14: 0 | M14: =SUM(F14:L14) -> 1100 | N14: 3 | O14: 0 | P14: 0 | Q14: 0 | R14: 0 | S14: 0 | T14: 0 | U14: 0 | V14: =SUM(S14:U14) -> 0 | W14: 0 | X14: 0 | Y14: 0 | Z14: 0 | AA14: =IF(SUM(W14:Z14)>0,AVERAGEIF(W14:Z14,"<>0"),"-") -> - | AB14: 0 | AC14: 0 | AD14: 0 | AE14: =SUM(AB14:AD14) -> 0
B15: =SUM(B11:B14) -> 137 | C15: =SUM(C11:C14) -> 148 | D15: =SUM(D11:D14) -> 156 | E15: =SUM(E11:E14) -> 441 | F15: =SUM(F11:F14) -> 90650 | G15: =SUM(G11:G14) -> 13450 | H15: =SUM(H11:H14) -> 0 | I15: =SUM(I11:I14) -> 0 | ... U15: =SUM(U11:U14) -> 0 | V15: =IF(SUM(V11:V14)>0,AVERAGEIF(V11:V14,"<>0"),0) -> 0 | W15: =SUM(W11:W14) -> 0 | X15: =SUM(X11:X14) -> 0 | Y15: =SUM(Y11:Y14) -> 0 | Z15: =SUM(Z11:Z14) -> 0 | AA15: =IF(SUM(AA11:AA14),AVERAGEIF(AA11:AA14,"<>0"),0) -> 0 | AB15: =SUM(AB11:AB14) -> 0 | AC15: =SUM(AC11:AC14) -> 0 | AD15: =SUM(AD11:AD14) -> 0 | AE15: =SUM(AE11:AE14) -> 0
A16: Goodnews | B16: 52 | C16: 92 | D16: 82 | E16: =SUM(B16:D16) -> 226 | F16: 32980 | G16: 11000 | H16: 0 | I16: 4500 | J16: 0 | K16: 0 | L16: 4000 | M16: =SUM(F16:L16) -> 52480 | N16: 0 | O16: 0 | P16: 0 | Q16: 0 | R16: 0 | S16: 0 | T16: 0 | U16: 0 | V16: =SUM(S16:U16) -> 0 | W16: 0 | X16: 0 | Y16: 0 | Z16: 0 | AA16: =IF(SUM(W16:Z16)>0,AVERAGEIF(W16:Z16,"<>0"),"-") -> - | AB16: 0 | AC16: 0 | AD16: 0 | AE16: =SUM(AB16:AD16) -> 0
A17: Shiloh | B17: 58 | C17: 86 | D17: 117 | E17: =SUM(B17:D17) -> 261 | F17: =14340+4950 -> 19290 | G17: 26400 | H17: 0 | I17: 0 | J17: 0 | K17: 4420 | L17: 0 | M17: =SUM(F17:L17) -> 50110 | N17: 4 | O17: 0 | P17: 0 | Q17: 0 | R17: 0 | S17: 0 | T17: 0 | U17: 0 | V17: =SUM(S17:U17) -> 0 | W17: 0 | X17: 0 | Y17: 0 | Z17: 0 | AA17: =IF(SUM(W17:Z17)>0,AVERAGEIF(W17:Z17,"<>0"),"-") -> - | AB17: 0 | AC17: 0 | AD17: 0 | AE17: =SUM(AB17:AD17) -> 0
A18: Lords | B18: 9 | C18: 17 | D18: 16 | E18: =SUM(B18:D18) -> 42 | F18: =5690+1250 -> 6940 | G18: 22000 | H18: 0 | I18: 740 | J18: 0 | K18: 0 | L18: 0 | M18: =SUM(F18:L18) -> 29680 | N18: 6 | O18: 0 | P18: 0 | Q18: 0 | R18: 0 | S18: 0 | T18: 0 | U18: 0 | V18: =SUM(S18:U18) -> 0 | W18: 0 | X18: 0 | Y18: 0 | Z18: 0 | AA18: =IF(SUM(W18:Z18)>0,AVERAGEIF(W18:Z18,"<>0"),"-") -> - | AB18: 0 | AC18: 0 | AD18: 0 | AE18: =SUM(AB18:AD18) -> 0
A19: Redemption | B19: 5 | C19: 3 | D19: 7 | E19: =SUM(B19:D19) -> 15 | F19: 1920 | G19: 3000 | H19: 0 | I19: 0 | J19: 0 | K19: 520 | L19: 0 | M19: =SUM(F19:L19) -> 5440 | N19: 2 | O19: 1 | P19: 0 | Q19: 0 | R19: 0 | S19: 0 | T19: 0 | U19: 0 | V19: =SUM(S19:U19) -> 0 | W19: 0 | X19: 0 | Y19: 0 | Z19: 0 | AA19: =IF(SUM(W19:Z19)>0,AVERAGEIF(W19:Z19,"<>0"),"-") -> - | AB19: 0 | AC19: 0 | AD19: 0 | AE19: =SUM(AB19:AD19) -> 0
A20: Upper room | B20: 13 | C20: 12 | D20: 12 | E20: =SUM(B20:D20) -> 37 | F20: =3430+650 -> 4080 | G20: 5800 | H20: 0 | I20: 100 | J20: 0 | K20: 450 | L20: 0 | M20: =SUM(F20:L20) -> 10430 | N20: 2 | O20: 1 | P20: 0 | Q20: 0 | R20: 0 | S20: 0 | T20: 0 | U20: 0 | V20: =SUM(S20:U20) -> 0 | W20: 0 | X20: 0 | Y20: 0 | Z20: 0 | AA20: =IF(SUM(W20:Z20)>0,AVERAGEIF(W20:Z20,"<>0"),"-") -> - | AB20: 0 | AC20: 0 | AD20: 0 | AE20: =SUM(AB20:AD20) -> 0
B21: =SUM(B16:B20) -> 137 | C21: =SUM(C16:C20) -> 210 | D21: =SUM(D16:D20) -> 234 | E21: =SUM(E16:E20) -> 581 | F21: =SUM(F16:F20) -> 65210 | G21: =SUM(G16:G20) -> 68200 | H21: =SUM(H16:H20) -> 0 | I21: =SUM(I16:I20) -> 5340 | ... U21: =SUM(U16:U20) -> 0 | V21: =IF(SUM(V16:V20)>0,AVERAGEIF(V16:V20,"<>0"),0) -> 0 | W21: =SUM(W16:W20) -> 0 | X21: =SUM(X16:X20) -> 0 | Y21: =SUM(Y16:Y20) -> 0 | Z21: =SUM(Z16:Z20) -> 0 | AA21: =IF(SUM(AA16:AA20),AVERAGEIF(AA16:AA20,"<>0"),0) -> 0 | AB21: =SUM(AB16:AB20) -> 0 | AC21: =SUM(AC16:AC20) -> 0 | AD21: =SUM(AD16:AD20) -> 0 | AE21: =SUM(AE16:AE20) -> 0
A22: Dominion | B22: 21 | C22: 35 | D22: 50 | E22: =SUM(B22:D22) -> 106 | F22: 8570 | G22: 21000 | H22: 0 | I22: 2750 | J22: 0 | K22: 3000 | L22: 0 | M22: =SUM(F22:L22) -> 35320 | N22: 0 | O22: 0 | P22: 0 | Q22: 0 | R22: 0 | S22: 0 | T22: 0 | U22: 0 | V22: =SUM(S22:U22) -> 0 | W22: 0 | X22: 0 | Y22: 0 | Z22: 0 | AA22: =IF(SUM(W22:Z22)>0,AVERAGEIF(W22:Z22,"<>0"),"-") -> - | AB22: 0 | AC22: 0 | AD22: 0 | AE22: =SUM(AB22:AD22) -> 0
A23: Fruitful | B23: 0 | C23: 0 | D23: 0 | E23: =SUM(B23:D23) -> 0 | F23: 0 | G23: 0 | H23: 0 | I23: 0 | J23: 0 | K23: 0 | L23: 0 | M23: =SUM(F23:L23) -> 0 | N23: 0 | O23: 0 | P23: 0 | Q23: 0 | R23: 0 | S23: 0 | T23: 0 | U23: 0 | V23: =SUM(S23:U23) -> 0 | W23: 0 | X23: 0 | Y23: 0 | Z23: 0 | AA23: =IF(SUM(W23:Z23)>0,AVERAGEIF(W23:Z23,"<>0"),"-") -> - | AB23: 0 | AC23: 0 | AD23: 0 | AE23: =SUM(AB23:AD23) -> 0
A24: Heritage | B24: 40 | C24: 64 | D24: 54 | E24: =SUM(B24:D24) -> 158 | F24: 21240 | G24: 25800 | H24: 0 | I24: 3950 | J24: 0 | K24: 8120 | L24: 0 | M24: =SUM(F24:L24) -> 59110 | N24: 1 | O24: 1 | P24: 0 | Q24: 0 | R24: 0 | S24: 0 | T24: 0 | U24: 0 | V24: =SUM(S24:U24) -> 0 | W24: 0 | X24: 0 | Y24: 0 | Z24: 0 | AA24: =IF(SUM(W24:Z24)>0,AVERAGEIF(W24:Z24,"<>0"),"-") -> - | AB24: 0 | AC24: 0 | AD24: 0 | AE24: =SUM(AB24:AD24) -> 0
A25: Convenant House | B25: 9 | C25: 8 | D25: 10 | E25: =SUM(B25:D25) -> 27 | F25: 2400 | G25: 9550 | H25: 0 | I25: 0 | J25: 0 | K25: 0 | L25: 0 | M25: =SUM(F25:L25) -> 11950 | N25: 0 | O25: 0 | P25: 0 | Q25: 0 | R25: 0 | S25: 0 | T25: 0 | U25: 0 | V25: =SUM(S25:U25) -> 0 | W25: 0 | X25: 0 | Y25: 0 | Z25: 0 | AA25: =IF(SUM(W25:Z25)>0,AVERAGEIF(W25:Z25,"<>0"),"-") -> - | AB25: 0 | AC25: 0 | AD25: 0 | AE25: =SUM(AB25:AD25) -> 0
B26: =SUM(B22:B25) -> 70 | C26: =SUM(C22:C25) -> 107 | D26: =SUM(D22:D25) -> 114 | E26: =SUM(E22:E25) -> 291 | F26: =SUM(F22:F25) -> 32210 | G26: =SUM(G22:G25) -> 56350 | H26: =SUM(H22:H25) -> 0 | I26: =SUM(I22:I25) -> 6700 | ... U26: =SUM(U22:U25) -> 0 | V26: =IF(SUM(V22:V25)>0,AVERAGEIF(V22:V25,"<>0"),0) -> 0 | W26: =SUM(W22:W25) -> 0 | X26: =SUM(X22:X25) -> 0 | Y26: =SUM(Y22:Y25) -> 0 | Z26: =SUM(Z22:Z25) -> 0 | AA26: =IF(SUM(AA22:AA25),AVERAGEIF(AA22:AA25,"<>0"),0) -> 0 | AB26: =SUM(AB22:AB25) -> 0 | AC26: =SUM(AC22:AC25) -> 0 | AD26: =SUM(AD22:AD25) -> 0 | AE26: =SUM(AE22:AE25) -> 0
A27: I - care | B27: 32 | C27: 32 | D27: 50 | E27: =SUM(B27:D27) -> 114 | F27: 7550 | G27: 5750 | H27: 0 | I27: 1380 | J27: 0 | K27: 0 | L27: 0 | M27: =SUM(F27:L27) -> 14680 | N27: 3 | O27: 5 | P27: 0 | Q27: 0 | R27: 0 | S27: 0 | T27: 0 | U27: 0 | V27: =SUM(S27:U27) -> 0 | W27: 0 | X27: 0 | Y27: 0 | Z27: 0 | AA27: =IF(SUM(W27:Z27)>0,AVERAGEIF(W27:Z27,"<>0"),"-") -> - | AB27: 0 | AC27: 0 | AD27: 0 | AE27: =SUM(AB27:AD27) -> 0
A28: Favour | B28: 4 | C28: 12 | D28: 19 | E28: =SUM(B28:D28) -> 35 | F28: 1060 | G28: 2880 | H28: 0 | I28: 0 | J28: 0 | K28: 0 | L28: 0 | M28: =SUM(F28:L28) -> 3940 | N28: 0 | O28: 0 | P28: 0 | Q28: 0 | R28: 0 | S28: 0 | T28: 0 | U28: 0 | V28: =SUM(S28:U28) -> 0 | W28: 0 | X28: 0 | Y28: 0 | Z28: 0 | AA28: =IF(SUM(W28:Z28)>0,AVERAGEIF(W28:Z28,"<>0"),"-") -> - | AB28: 0 | AC28: 0 | AD28: 0 | AE28: =SUM(AB28:AD28) -> 0
A29: Praise | B29: 32 | C29: 47 | D29: 38 | E29: =SUM(B29:D29) -> 117 | F29: 8910 | G29: 8400 | H29: 0 | I29: 2200 | J29: 0 | K29: 0 | L29: 0 | M29: =SUM(F29:L29) -> 19510 | N29: 0 | O29: 1 | P29: 0 | Q29: 0 | R29: 0 | S29: 0 | T29: 0 | U29: 0 | V29: =SUM(S29:U29) -> 0 | W29: 0 | X29: 0 | Y29: 0 | Z29: 0 | AA29: =IF(SUM(W29:Z29)>0,AVERAGEIF(W29:Z29,"<>0"),"-") -> - | AB29: 0 | AC29: 0 | AD29: 0 | AE29: =SUM(AB29:AD29) -> 0
A30: Restoration | B30: 15 | C30: 37 | D30: 57 | E30: =SUM(B30:D30) -> 109 | F30: 0 | G30: 0 | H30: 0 | I30: 0 | J30: 0 | K30: 0 | L30: 0 | M30: =SUM(F30:L30) -> 0 | N30: 0 | O30: 0 | P30: 0 | Q30: 0 | R30: 0 | S30: 0 | T30: 0 | U30: 0 | V30: =SUM(S30:U30) -> 0 | W30: 0 | X30: 0 | Y30: 0 | Z30: 0 | AA30: =IF(SUM(W30:Z30)>0,AVERAGEIF(W30:Z30,"<>0"),"-") -> - | AB30: 0 | AC30: 0 | AD30: 0 | AE30: =SUM(AB30:AD30) -> 0
A31: Royal Tabernacle | B31: 8 | C31: 11 | D31: 25 | E31: =SUM(B31:D31) -> 44 | F31: 0 | G31: 0 | H31: 0 | I31: 450 | J31: 0 | K31: 610 | L31: 0 | M31: =SUM(F31:L31) -> 1060 | N31: 0 | O31: 0 | P31: 0 | Q31: 0 | R31: 0 | S31: 0 | T31: 0 | U31: 0 | V31: =SUM(S31:U31) -> 0 | W31: 0 | X31: 0 | Y31: 0 | Z31: 0 | AA31: =IF(SUM(W31:Z31)>0,AVERAGEIF(W31:Z31,"<>0"),"-") -> - | AB31: 0 | AC31: 0 | AD31: 0 | AE31: =SUM(AB31:AD31) -> 0
A32: Salem | B32: 8 | C32: 15 | D32: 44 | E32: =SUM(B32:D32) -> 67 | F32: 3770 | G32: 10350 | H32: 0 | I32: 0 | J32: 0 | K32: 0 | L32: 0 | M32: =SUM(F32:L32) -> 14120 | N32: 6 | O32: 0 | P32: 0 | Q32: 0 | R32: 0 | S32: 0 | T32: 0 | U32: 0 | V32: =SUM(S32:U32) -> 0 | W32: 0 | X32: 0 | Y32: 0 | Z32: 0 | AA32: =IF(SUM(W32:Z32)>0,AVERAGEIF(W32:Z32,"<>0"),"-") -> - | AB32: 0 | AC32: 0 | AD32: 0 | AE32: =SUM(AB32:AD32) -> 0
A33: City of Truth | B33: 23 | C33: 31 | D33: 29 | E33: =SUM(B33:D33) -> 83 | F33: 10070 | G33: 4000 | H33: 0 | I33: 0 | J33: 0 | K33: 0 | L33: 0 | M33: =SUM(F33:L33) -> 14070 | N33: 4 | O33: 2 | P33: 0 | Q33: 0 | R33: 0 | S33: 0 | T33: 0 | U33: 0 | V33: =SUM(S33:U33) -> 0 | W33: 0 | X33: 0 | Y33: 0 | Z33: 0 | AA33: =IF(SUM(W33:Z33)>0,AVERAGEIF(W33:Z33,"<>0"),"-") -> - | AB33: 0 | AC33: 0 | AD33: 0 | AE33: =SUM(AB33:AD33) -> 0
A34: Peculiar | B34: 11 | C34: 12 | D34: 16 | E34: =SUM(B34:D34) -> 39 | F34: 6660 | G34: 1300 | H34: 0 | I34: 0 | J34: 0 | K34: 0 | L34: 0 | M34: =SUM(F34:L34) -> 7960 | N34: 7 | O34: 0 | P34: 0 | Q34: 0 | R34: 0 | S34: 0 | T34: 0 | U34: 0 | V34: =SUM(S34:U34) -> 0 | W34: 0 | X34: 0 | Y34: 0 | Z34: 0 | AA34: =IF(SUM(W34:Z34)>0,AVERAGEIF(W34:Z34,"<>0"),"-") -> - | AB34: 0 | AC34: 0 | AD34: 0 | AE34: =SUM(AB34:AD34) -> 0
A35: Miracle | B35: 4 | C35: 6 | D35: 8 | E35: =SUM(B35:D35) -> 18 | F35: 1400 | G35: 1500 | H35: 0 | I35: 0 | J35: 0 | K35: 0 | L35: 0 | M35: =SUM(F35:L35) -> 2900 | N35: 0 | O35: 0 | P35: 0 | Q35: 0 | R35: 0 | S35: 0 | T35: 0 | U35: 0 | V35: =SUM(S35:U35) -> 0 | W35: 0 | X35: 0 | Y35: 0 | Z35: 0 | AA35: =IF(SUM(W35:Z35)>0,AVERAGEIF(W35:Z35,"<>0"),"-") -> - | AB35: 0 | AC35: 0 | AD35: 0 | AE35: =SUM(AB35:AD35) -> 0
B36: =SUM(B27:B35) -> 137 | C36: =SUM(C27:C35) -> 203 | D36: =SUM(D27:D35) -> 286 | E36: =SUM(E27:E35) -> 626 | F36: =SUM(F27:F35) -> 39420 | G36: =SUM(G27:G35) -> 34180 | H36: =SUM(H27:H35) -> 0 | I36: =SUM(I27:I35) -> 4030 | ... U36: =SUM(U27:U35) -> 0 | V36: =IF(SUM(V27:V35)>0,AVERAGEIF(V27:V35,"<>0"),0) -> 0 | W36: =SUM(W27:W35) -> 0 | X36: =SUM(X27:X35) -> 0 | Y36: =SUM(Y27:Y35) -> 0 | Z36: =SUM(Z27:Z35) -> 0 | AA36: =IF(SUM(AA27:AA35),AVERAGEIF(AA27:AA35,"<>0"),0) -> 0 | AB36: =SUM(AB27:AB35) -> 0 | AC36: =SUM(AC27:AC35) -> 0 | AD36: =SUM(AD27:AD35) -> 0 | AE36: =SUM(AE27:AE35) -> 0
A37: Revival | B37: 45 | C37: 80 | D37: 83 | E37: =SUM(B37:D37) -> 208 | F37: =10270+5950 -> 16220 | G37: 11350 | H37: 0 | I37: 0 | J37: 0 | K37: 0 | L37: 0 | M37: =SUM(F37:L37) -> 27570 | N37: 0 | O37: 0 | P37: 0 | Q37: 0 | R37: 0 | S37: 0 | T37: 0 | U37: 0 | V37: =SUM(S37:U37) -> 0 | W37: 0 | X37: 0 | Y37: 0 | Z37: 0 | AA37: =IF(SUM(W37:Z37)>0,AVERAGEIF(W37:Z37,"<>0"),"-") -> - | AB37: 0 | AC37: 0 | AD37: 0 | AE37: =SUM(AB37:AD37) -> 0
A38: Throne of Mercy | B38: 4 | C38: 3 | D38: 6 | E38: =SUM(B38:D38) -> 13 | F38: 1250 | G38: 0 | H38: 0 | I38: 0 | J38: 0 | K38: 0 | L38: 0 | M38: =SUM(F38:L38) -> 1250 | N38: 0 | O38: 0 | P38: 0 | Q38: 0 | R38: 0 | S38: 0 | T38: 0 | U38: 0 | V38: =SUM(S38:U38) -> 0 | W38: 0 | X38: 0 | Y38: 0 | Z38: 0 | AA38: =IF(SUM(W38:Z38)>0,AVERAGEIF(W38:Z38,"<>0"),"-") -> - | AB38: 0 | AC38: 0 | AD38: 0 | AE38: =SUM(AB38:AD38) -> 0
A39: Transformation | B39: 0 | C39: 0 | D39: 0 | E39: =SUM(B39:D39) -> 0 | F39: 0 | G39: 0 | H39: 0 | I39: 0 | J39: 0 | K39: 0 | L39: 0 | M39: =SUM(F39:L39) -> 0 | N39: 0 | O39: 0 | P39: 0 | Q39: 0 | R39: 0 | S39: 0 | T39: 0 | U39: 0 | V39: =SUM(S39:U39) -> 0 | W39: 0 | X39: 0 | Y39: 0 | Z39: 0 | AA39: =IF(SUM(W39:Z39)>0,AVERAGEIF(W39:Z39,"<>0"),"-") -> - | AB39: 0 | AC39: 0 | AD39: 0 | AE39: =SUM(AB39:AD39) -> 0
A40: Salvation | B40: 0 | C40: 0 | D40: 0 | E40: =SUM(B40:D40) -> 0 | F40: 0 | G40: 0 | H40: 0 | I40: 0 | J40: 0 | K40: 0 | L40: 0 | M40: =SUM(F40:L40) -> 0 | N40: 0 | O40: 0 | P40: 0 | Q40: 0 | R40: 0 | S40: 0 | T40: 0 | U40: 0 | V40: =SUM(S40:U40) -> 0 | W40: 0 | X40: 0 | Y40: 0 | Z40: 0 | AA40: =IF(SUM(W40:Z40)>0,AVERAGEIF(W40:Z40,"<>0"),"-") -> - | AB40: 0 | AC40: 0 | AD40: 0 | AE40: =SUM(AB40:AD40) -> 0
A41: Freedom | B41: 0 | C41: 0 | D41: 0 | E41: =SUM(B41:D41) -> 0 | F41: 0 | G41: 0 | H41: 0 | I41: 0 | J41: 0 | K41: 0 | L41: 0 | M41: =SUM(F41:L41) -> 0 | N41: 0 | O41: 0 | P41: 0 | Q41: 0 | R41: 0 | S41: 0 | T41: 0 | U41: 0 | V41: =SUM(S41:U41) -> 0 | W41: 0 | X41: 0 | Y41: 0 | Z41: 0 | AA41: =IF(SUM(W41:Z41)>0,AVERAGEIF(W41:Z41,"<>0"),"-") -> - | AB41: 0 | AC41: 0 | AD41: 0 | AE41: =SUM(AB41:AD41) -> 0
A42: Dunamis | B42: 0 | C42: 0 | D42: 0 | E42: =SUM(B42:D42) -> 0 | F42: 0 | G42: 0 | H42: 0 | I42: 0 | J42: 0 | K42: 0 | L42: 0 | M42: =SUM(F42:L42) -> 0 | N42: 0 | O42: 0 | P42: 0 | Q42: 0 | R42: 0 | S42: 0 | T42: 0 | U42: 0 | V42: =SUM(S42:U42) -> 0 | W42: 0 | X42: 0 | Y42: 0 | Z42: 0 | AA42: =IF(SUM(W42:Z42)>0,AVERAGEIF(W42:Z42,"<>0"),"-") -> - | AB42: 0 | AC42: 0 | AD42: 0 | AE42: =SUM(AB42:AD42) -> 0
A43: Word of Life | B43: 0 | C43: 0 | D43: 0 | E43: =SUM(B43:D43) -> 0 | F43: 0 | G43: 0 | H43: 0 | I43: 0 | J43: 0 | K43: 0 | L43: 0 | M43: =SUM(F43:L43) -> 0 | N43: 0 | O43: 0 | P43: 0 | Q43: 0 | R43: 0 | S43: 0 | T43: 0 | U43: 0 | V43: =SUM(S43:U43) -> 0 | W43: 0 | X43: 0 | Y43: 0 | Z43: 0 | AA43: =IF(SUM(W43:Z43)>0,AVERAGEIF(W43:Z43,"<>0"),"-") -> - | AB43: 0 | AC43: 0 | AD43: 0 | AE43: =SUM(AB43:AD43) -> 0
A44: Goshen | B44: 6 | C44: 0 | D44: 6 | E44: =SUM(B44:D44) -> 12 | F44: 650 | G44: 2500 | H44: 0 | I44: 0 | J44: 0 | K44: 0 | L44: 0 | M44: =SUM(F44:L44) -> 3150 | N44: 0 | O44: 0 | P44: 0 | Q44: 0 | R44: 0 | S44: 0 | T44: 0 | U44: 0 | V44: =SUM(S44:U44) -> 0 | W44: 0 | X44: 0 | Y44: 0 | Z44: 0 | AA44: =IF(SUM(W44:Z44)>0,AVERAGEIF(W44:Z44,"<>0"),"-") -> - | AB44: 0 | AC44: 0 | AD44: 0 | AE44: =SUM(AB44:AD44) -> 0
A45: Fruitful Vine | B45: 0 | C45: 0 | D45: 0 | E45: =SUM(B45:D45) -> 0 | F45: 0 | G45: 0 | H45: 0 | I45: 0 | J45: 0 | K45: 0 | L45: 0 | M45: =SUM(F45:L45) -> 0 | N45: 0 | O45: 0 | P45: 0 | Q45: 0 | R45: 0 | S45: 0 | T45: 0 | U45: 0 | V45: =SUM(S45:U45) -> 0 | W45: 0 | X45: 0 | Y45: 0 | Z45: 0 | AA45: =IF(SUM(W45:Z45)>0,AVERAGEIF(W45:Z45,"<>0"),"-") -> - | AB45: 0 | AC45: 0 | AD45: 0 | AE45: =SUM(AB45:AD45) -> 0
A46: Mercy | B46: 0 | C46: 0 | D46: 0 | E46: =SUM(B46:D46) -> 0 | F46: 0 | G46: 0 | H46: 0 | I46: 0 | J46: 0 | K46: 0 | L46: 0 | M46: =SUM(F46:L46) -> 0 | N46: 0 | O46: 0 | P46: 0 | Q46: 0 | R46: 0 | S46: 0 | T46: 0 | U46: 0 | V46: =SUM(S46:U46) -> 0 | W46: 0 | X46: 0 | Y46: 0 | Z46: 0 | AA46: =IF(SUM(W46:Z46)>0,AVERAGEIF(W46:Z46,"<>0"),"-") -> - | AB46: 0 | AC46: 0 | AD46: 0 | AE46: =SUM(AB46:AD46) -> 0
A47: Peace | B47: 0 | C47: 0 | D47: 0 | E47: =SUM(B47:D47) -> 0 | F47: 0 | G47: 0 | H47: 0 | I47: 0 | J47: 0 | K47: 0 | L47: 0 | M47: =SUM(F47:L47) -> 0 | N47: 0 | O47: 0 | P47: 0 | Q47: 0 | R47: 0 | S47: 0 | T47: 0 | U47: 0 | V47: =SUM(S47:U47) -> 0 | W47: 0 | X47: 0 | Y47: 0 | Z47: 0 | AA47: =IF(SUM(W47:Z47)>0,AVERAGEIF(W47:Z47,"<>0"),"-") -> - | AB47: 0 | AC47: 0 | AD47: 0 | AE47: =SUM(AB47:AD47) -> 0
A48: Pillar of Light and Truth | B48: 0 | C48: 0 | D48: 0 | E48: =SUM(B48:D48) -> 0 | F48: 0 | G48: 0 | H48: 0 | I48: 0 | J48: 0 | K48: 0 | L48: 0 | M48: =SUM(F48:L48) -> 0 | N48: 0 | O48: 0 | P48: 0 | Q48: 0 | R48: 0 | S48: 0 | T48: 0 | U48: 0 | V48: =SUM(S48:U48) -> 0 | W48: 0 | X48: 0 | Y48: 0 | Z48: 0 | AA48: =IF(SUM(W48:Z48)>0,AVERAGEIF(W48:Z48,"<>0"),"-") -> - | AB48: 0 | AC48: 0 | AD48: 0 | AE48: =SUM(AB48:AD48) -> 0
A49: Joyful Centre | B49: 0 | C49: 0 | D49: 0 | E49: =SUM(B49:D49) -> 0 | F49: 0 | G49: 0 | H49: 0 | I49: 0 | J49: 0 | K49: 0 | L49: 0 | M49: =SUM(F49:L49) -> 0 | N49: 0 | O49: 0 | P49: 0 | Q49: 0 | R49: 0 | S49: 0 | T49: 0 | U49: 0 | V49: =SUM(S49:U49) -> 0 | W49: 0 | X49: 0 | Y49: 0 | Z49: 0 | AA49: =IF(SUM(W49:Z49)>0,AVERAGEIF(W49:Z49,"<>0"),"-") -> - | AB49: 0 | AC49: 0 | AD49: 0 | AE49: =SUM(AB49:AD49) -> 0
B50: =SUM(B37:B49) -> 55 | C50: =SUM(C37:C49) -> 83 | D50: =SUM(D37:D49) -> 95 | E50: =SUM(E37:E49) -> 233 | F50: =SUM(F37:F49) -> 18120 | G50: =SUM(G37:G49) -> 13850 | H50: =SUM(H37:H49) -> 0 | I50: =SUM(I37:I49) -> 0 | ... U50: =SUM(U37:U49) -> 0 | V50: =IF(SUM(V37:V49)>0,AVERAGEIF(V37:V49,"<>0"),0) -> 0 | W50: =SUM(W37:W49) -> 0 | X50: =SUM(X37:X49) -> 0 | Y50: =SUM(Y37:Y49) -> 0 | Z50: =SUM(Z37:Z49) -> 0 | AA50: =IF(SUM(AA37:AA49),AVERAGEIF(AA37:AA49,"<>0"),0) -> 0 | AB50: =SUM(AB37:AB49) -> 0 | AC50: =SUM(AC37:AC49) -> 0 | AD50: =SUM(AD37:AD49) -> 0 | AE50: =SUM(AE37:AE49) -> 0
A51: GRAND TOTAL | B51: =B10+B15+B21+B26+B36+B50 -> 718 | C51: =C10+C15+C21+C26+C36+C50 -> 971 | D51: =D10+D15+D21+D26+D36+D50 -> 1048 | E51: =E10+E15+E21+E26+E36+E50 -> 2737 | F51: =F10+F15+F21+F26+F36+F50 -> 348060 | G51: =G10+G15+G21+G26+G36+G50 -> 219930 | H51: =H10+H15+H21+H26+H36+H50 -> 0 | I51: =I10+I15+I21+I26+I36+I50 -> 22070 | ... U51: =U10+U15+U21+U26+U36+U50 -> 0 | V51: =IF(SUM(V6:V50)>0,AVERAGEIF(V6:V50, "<>0"),0) -> 0 | W51: =W10+W15+W21+W26+W36+W50 -> 0 | X51: =X10+X15+X21+X26+X36+X50 -> 0 | Y51: =Y10+Y15+Y21+Y26+Y36+Y50 -> 0 | Z51: =Z10+Z15+Z21+Z26+Z36+Z50 -> 0 | AA51: =IF(SUM(AA6:AA50)>0,AVERAGEIF(AA6:AA50, "<>0"),0) -> 0 | AB51: =AB10+AB15+AB21+AB26+AB36+AB50 -> 0 | AC51: =AC10+AC15+AC21+AC26+AC36+AC50 -> 0 | AD51: =AD10+AD15+AD21+AD26+AD36+AD50 -> 0 | AE51: =AE10+AE15+AE21+AE26+AE36+AE50 -> 0

Sheet WK2 
B4: ATTENDANCE | F4: INCOME | N4: IMPACT | P4: ALLOCATIONS | S4: CUT OFF DATE [COD] | W4: ATTENDANCE TO PROGRAMMES | AB4: OTHERS
A5: Church Name | B5: Male | C5: Female | D5: Children | E5: Total | F5: Offering | G5: Tithes | H5: N-Missions | I5: H-Missions | J5: S-Missions | K5: GHTI | L5: Thanksgiving | M5: Total | N5: Testimonies | O5: First timers | P5: State | Q5: Regional | R5: National | S5: State | T5: Regional | U5: National | V5: COD Total | W5: Zone | X5: State | Y5: Regional | Z5: National | AA5: Average | AB5: Firstfruits | AC5: Arise & Build | AD5: CRMIC | AE5: Total
A6: Rehoboth | B6: 85 | C6: 86 | D6: 71 | E6: =SUM(B6:D6) -> 242 | F6: 47700 | G6: 18900 | H6: 0 | I6: 3600 | J6: 0 | K6: 17210 | L6: 0 | M6: =SUM(F6:L6) -> 87410 | N6: 1 | O6: 0 | P6: 0 | Q6: 0 | R6: 0 | S6: 0 | T6: 0 | U6: 0 | V6: =SUM(S6:U6) -> 0 | W6: 0 | X6: 0 | Y6: 0 | Z6: 0 | AA6: =IF(SUM(W6:Z6)>0,AVERAGEIF(W6:Z6,"<>0"),"-") -> - | AB6: 0 | AC6: 0 | AD6: 0 | AE6: =SUM(AB6:AD6) -> 0
A7: Love International | B7: 80 | C7: 115 | D7: 85 | E7: =SUM(B7:D7) -> 280 | F7: 46050 | G7: 15000 | H7: 0 | I7: 2400 | J7: 0 | K7: 5900 | L7: 10500 | M7: =SUM(F7:L7) -> 79850 | N7: 3 | O7: 3 | P7: 0 | Q7: 0 | R7: 0 | S7: 0 | T7: 0 | U7: 0 | V7: =SUM(S7:U7) -> 0 | W7: 0 | X7: 0 | Y7: 0 | Z7: 0 | AA7: =IF(SUM(W7:Z7)>0,AVERAGEIF(W7:Z7,"<>0"),"-") -> - | AB7: 0 | AC7: 0 | AD7: 0 | AE7: =SUM(AB7:AD7) -> 0
A8: Throne of Greatness | B8: 3 | C8: 8 | D8: 1 | E8: =SUM(B8:D8) -> 12 | F8: 3200 | G8: 0 | H8: 0 | I8: 0 | J8: 0 | K8: 0 | L8: 0 | M8: =SUM(F8:L8) -> 3200 | N8: 0 | O8: 0 | P8: 0 | Q8: 0 | R8: 0 | S8: 0 | T8: 0 | U8: 0 | V8: =SUM(S8:U8) -> 0 | W8: 0 | X8: 0 | Y8: 0 | Z8: 0 | AA8: =IF(SUM(W8:Z8)>0,AVERAGEIF(W8:Z8,"<>0"),"-") -> - | AB8: 0 | AC8: 0 | AD8: 0 | AE8: =SUM(AB8:AD8) -> 0
A9: Shekinar Glory | B9: 14 | C9: 11 | D9: 6 | E9: =SUM(B9:D9) -> 31 | F9: 5500 | G9: 0 | H9: 0 | I9: 0 | J9: 0 | K9: 0 | L9: 0 | M9: =SUM(F9:L9) -> 5500 | N9: 5 | O9: 0 | P9: 0 | Q9: 0 | R9: 0 | S9: 0 | T9: 0 | U9: 0 | V9: =SUM(S9:U9) -> 0 | W9: 0 | X9: 0 | Y9: 0 | Z9: 0 | AA9: =IF(SUM(W9:Z9)>0,AVERAGEIF(W9:Z9,"<>0"),"-") -> - | AB9: 0 | AC9: 0 | AD9: 0 | AE9: =SUM(AB9:AD9) -> 0
B10: =SUM(B6:B9) -> 182 | C10: =SUM(C6:C9) -> 220 | D10: =SUM(D6:D9) -> 163 | E10: =SUM(E6:E9) -> 565 | F10: =SUM(F6:F9) -> 102450 | G10: =SUM(G6:G9) -> 33900 | H10: =SUM(H6:H9) -> 0 | I10: =SUM(I6:I9) -> 6000 | ... U10: =SUM(U6:U9) -> 0 | V10: =IF(SUM(V6:V9)>0,AVERAGEIF(V6:V9,"<>0"),0) -> 0 | W10: =SUM(W6:W9) -> 0 | X10: =SUM(X6:X9) -> 0 | Y10: =SUM(Y6:Y9) -> 0 | Z10: =SUM(Z6:Z9) -> 0 | AA10: =IF(SUM(AA6:AA9),AVERAGEIF(AA6:AA9,"<>0"),0) -> 0 | AB10: =SUM(AB6:AB9) -> 0 | AC10: =SUM(AC6:AC9) -> 0 | AD10: =SUM(AD6:AD9) -> 0 | AE10: =SUM(AE6:AE9) -> 0
A11: Zion Faith Int'l | B11: 89 | C11: 81 | D11: 77 | E11: =SUM(B11:D11) -> 247 | F11: 46750 | G11: 4000 | H11: 0 | I11: 0 | J11: 0 | K11: 0 | L11: 0 | M11: =SUM(F11:L11) -> 50750 | N11: 0 | O11: 0 | P11: 0 | Q11: 0 | R11: 0 | S11: 0 | T11: 0 | U11: 0 | V11: =SUM(S11:U11) -> 0 | W11: 0 | X11: 0 | Y11: 0 | Z11: 0 | AA11: =IF(SUM(W11:Z11)>0,AVERAGEIF(W11:Z11,"<>0"),"-") -> - | AB11: 0 | AC11: 0 | AD11: 0 | AE11: =SUM(AB11:AD11) -> 0
A12: Maranatha | B12: 22 | C12: 40 | D12: 46 | E12: =SUM(B12:D12) -> 108 | F12: 14950 | G12: 7250 | H12: 0 | I12: 0 | J12: 0 | K12: 0 | L12: 0 | M12: =SUM(F12:L12) -> 22200 | N12: 2 | O12: 0 | P12: 0 | Q12: 0 | R12: 0 | S12: 0 | T12: 0 | U12: 0 | V12: =SUM(S12:U12) -> 0 | W12: 0 | X12: 0 | Y12: 0 | Z12: 0 | AA12: =IF(SUM(W12:Z12)>0,AVERAGEIF(W12:Z12,"<>0"),"-") -> - | AB12: 0 | AC12: 0 | AD12: 0 | AE12: =SUM(AB12:AD12) -> 0
A13: Elevation | B13: 22 | C13: 25 | D13: 29 | E13: =SUM(B13:D13) -> 76 | F13: 28050 | G13: 2000 | H13: 0 | I13: 0 | J13: 0 | K13: 0 | L13: 8000 | M13: =SUM(F13:L13) -> 38050 | N13: 2 | O13: 0 | P13: 0 | Q13: 0 | R13: 0 | S13: 0 | T13: 0 | U13: 0 | V13: =SUM(S13:U13) -> 0 | W13: 0 | X13: 0 | Y13: 0 | Z13: 0 | AA13: =IF(SUM(W13:Z13)>0,AVERAGEIF(W13:Z13,"<>0"),"-") -> - | AB13: 0 | AC13: 0 | AD13: 0 | AE13: =SUM(AB13:AD13) -> 0
A14: Precious | B14: 4 | C14: 2 | D14: 4 | E14: =SUM(B14:D14) -> 10 | F14: 900 | G14: 200 | H14: 0 | I14: 0 | J14: 0 | K14: 0 | L14: 0 | M14: =SUM(F14:L14) -> 1100 | N14: 3 | O14: 0 | P14: 0 | Q14: 0 | R14: 0 | S14: 0 | T14: 0 | U14: 0 | V14: =SUM(S14:U14) -> 0 | W14: 0 | X14: 0 | Y14: 0 | Z14: 0 | AA14: =IF(SUM(W14:Z14)>0,AVERAGEIF(W14:Z14,"<>0"),"-") -> - | AB14: 0 | AC14: 0 | AD14: 0 | AE14: =SUM(AB14:AD14) -> 0
B15: =SUM(B11:B14) -> 137 | C15: =SUM(C11:C14) -> 148 | D15: =SUM(D11:D14) -> 156 | E15: =SUM(E11:E14) -> 441 | F15: =SUM(F11:F14) -> 90650 | G15: =SUM(G11:G14) -> 13450 | H15: =SUM(H11:H14) -> 0 | I15: =SUM(I11:I14) -> 0 | ... U15: =SUM(U11:U14) -> 0 | V15: =IF(SUM(V11:V14)>0,AVERAGEIF(V11:V14,"<>0"),0) -> 0 | W15: =SUM(W11:W14) -> 0 | X15: =SUM(X11:X14) -> 0 | Y15: =SUM(Y11:Y14) -> 0 | Z15: =SUM(Z11:Z14) -> 0 | AA15: =IF(SUM(AA11:AA14),AVERAGEIF(AA11:AA14,"<>0"),0) -> 0 | AB15: =SUM(AB11:AB14) -> 0 | AC15: =SUM(AC11:AC14) -> 0 | AD15: =SUM(AD11:AD14) -> 0 | AE15: =SUM(AE11:AE14) -> 0
A16: Goodnews | B16: 52 | C16: 92 | D16: 82 | E16: =SUM(B16:D16) -> 226 | F16: 32980 | G16: 11000 | H16: 0 | I16: 4500 | J16: 0 | K16: 0 | L16: 4000 | M16: =SUM(F16:L16) -> 52480 | N16: 0 | O16: 0 | P16: 0 | Q16: 0 | R16: 0 | S16: 0 | T16: 0 | U16: 0 | V16: =SUM(S16:U16) -> 0 | W16: 0 | X16: 0 | Y16: 0 | Z16: 0 | AA16: =IF(SUM(W16:Z16)>0,AVERAGEIF(W16:Z16,"<>0"),"-") -> - | AB16: 0 | AC16: 0 | AD16: 0 | AE16: =SUM(AB16:AD16) -> 0
A17: Shiloh | B17: 58 | C17: 86 | D17: 117 | E17: =SUM(B17:D17) -> 261 | F17: =14340+4950 -> 19290 | G17: 26400 | H17: 0 | I17: 0 | J17: 0 | K17: 4420 | L17: 0 | M17: =SUM(F17:L17) -> 50110 | N17: 4 | O17: 0 | P17: 0 | Q17: 0 | R17: 0 | S17: 0 | T17: 0 | U17: 0 | V17: =SUM(S17:U17) -> 0 | W17: 0 | X17: 0 | Y17: 0 | Z17: 0 | AA17: =IF(SUM(W17:Z17)>0,AVERAGEIF(W17:Z17,"<>0"),"-") -> - | AB17: 0 | AC17: 0 | AD17: 0 | AE17: =SUM(AB17:AD17) -> 0
A18: Lords | B18: 9 | C18: 17 | D18: 16 | E18: =SUM(B18:D18) -> 42 | F18: =5690+1250 -> 6940 | G18: 22000 | H18: 0 | I18: 740 | J18: 0 | K18: 0 | L18: 0 | M18: =SUM(F18:L18) -> 29680 | N18: 6 | O18: 0 | P18: 0 | Q18: 0 | R18: 0 | S18: 0 | T18: 0 | U18: 0 | V18: =SUM(S18:U18) -> 0 | W18: 0 | X18: 0 | Y18: 0 | Z18: 0 | AA18: =IF(SUM(W18:Z18)>0,AVERAGEIF(W18:Z18,"<>0"),"-") -> - | AB18: 0 | AC18: 0 | AD18: 0 | AE18: =SUM(AB18:AD18) -> 0
A19: Redemption | B19: 5 | C19: 3 | D19: 7 | E19: =SUM(B19:D19) -> 15 | F19: 1920 | G19: 3000 | H19: 0 | I19: 0 | J19: 0 | K19: 520 | L19: 0 | M19: =SUM(F19:L19) -> 5440 | N19: 2 | O19: 1 | P19: 0 | Q19: 0 | R19: 0 | S19: 0 | T19: 0 | U19: 0 | V19: =SUM(S19:U19) -> 0 | W19: 0 | X19: 0 | Y19: 0 | Z19: 0 | AA19: =IF(SUM(W19:Z19)>0,AVERAGEIF(W19:Z19,"<>0"),"-") -> - | AB19: 0 | AC19: 0 | AD19: 0 | AE19: =SUM(AB19:AD19) -> 0
A20: Upper room | B20: 13 | C20: 12 | D20: 12 | E20: =SUM(B20:D20) -> 37 | F20: =3430+650 -> 4080 | G20: 5800 | H20: 0 | I20: 100 | J20: 0 | K20: 450 | L20: 0 | M20: =SUM(F20:L20) -> 10430 | N20: 2 | O20: 1 | P20: 0 | Q20: 0 | R20: 0 | S20: 0 | T20: 0 | U20: 0 | V20: =SUM(S20:U20) -> 0 | W20: 0 | X20: 0 | Y20: 0 | Z20: 0 | AA20: =IF(SUM(W20:Z20)>0,AVERAGEIF(W20:Z20,"<>0"),"-") -> - | AB20: 0 | AC20: 0 | AD20: 0 | AE20: =SUM(AB20:AD20) -> 0
B21: =SUM(B16:B20) -> 137 | C21: =SUM(C16:C20) -> 210 | D21: =SUM(D16:D20) -> 234 | E21: =SUM(E16:E20) -> 581 | F21: =SUM(F16:F20) -> 65210 | G21: =SUM(G16:G20) -> 68200 | H21: =SUM(H16:H20) -> 0 | I21: =SUM(I16:I20) -> 5340 | ... U21: =SUM(U16:U20) -> 0 | V21: =IF(SUM(V16:V20)>0,AVERAGEIF(V16:V20,"<>0"),0) -> 0 | W21: =SUM(W16:W20) -> 0 | X21: =SUM(X16:X20) -> 0 | Y21: =SUM(Y16:Y20) -> 0 | Z21: =SUM(Z16:Z20) -> 0 | AA21: =IF(SUM(AA16:AA20),AVERAGEIF(AA16:AA20,"<>0"),0) -> 0 | AB21: =SUM(AB16:AB20) -> 0 | AC21: =SUM(AC16:AC20) -> 0 | AD21: =SUM(AD16:AD20) -> 0 | AE21: =SUM(AE16:AE20) -> 0
A22: Dominion | B22: 21 | C22: 35 | D22: 50 | E22: =SUM(B22:D22) -> 106 | F22: 8570 | G22: 21000 | H22: 0 | I22: 2750 | J22: 0 | K22: 3000 | L22: 0 | M22: =SUM(F22:L22) -> 35320 | N22: 0 | O22: 0 | P22: 0 | Q22: 0 | R22: 0 | S22: 0 | T22: 0 | U22: 0 | V22: =SUM(S22:U22) -> 0 | W22: 0 | X22: 0 | Y22: 0 | Z22: 0 | AA22: =IF(SUM(W22:Z22)>0,AVERAGEIF(W22:Z22,"<>0"),"-") -> - | AB22: 0 | AC22: 0 | AD22: 0 | AE22: =SUM(AB22:AD22) -> 0
A23: Fruitful | B23: 0 | C23: 0 | D23: 0 | E23: =SUM(B23:D23) -> 0 | F23: 0 | G23: 0 | H23: 0 | I23: 0 | J23: 0 | K23: 0 | L23: 0 | M23: =SUM(F23:L23) -> 0 | N23: 0 | O23: 0 | P23: 0 | Q23: 0 | R23: 0 | S23: 0 | T23: 0 | U23: 0 | V23: =SUM(S23:U23) -> 0 | W23: 0 | X23: 0 | Y23: 0 | Z23: 0 | AA23: =IF(SUM(W23:Z23)>0,AVERAGEIF(W23:Z23,"<>0"),"-") -> - | AB23: 0 | AC23: 0 | AD23: 0 | AE23: =SUM(AB23:AD23) -> 0
A24: Heritage | B24: 40 | C24: 64 | D24: 54 | E24: =SUM(B24:D24) -> 158 | F24: 21240 | G24: 25800 | H24: 0 | I24: 3950 | J24: 0 | K24: 8120 | L24: 0 | M24: =SUM(F24:L24) -> 59110 | N24: 1 | O24: 1 | P24: 0 | Q24: 0 | R24: 0 | S24: 0 | T24: 0 | U24: 0 | V24: =SUM(S24:U24) -> 0 | W24: 0 | X24: 0 | Y24: 0 | Z24: 0 | AA24: =IF(SUM(W24:Z24)>0,AVERAGEIF(W24:Z24,"<>0"),"-") -> - | AB24: 0 | AC24: 0 | AD24: 0 | AE24: =SUM(AB24:AD24) -> 0
A25: Convenant House | B25: 9 | C25: 8 | D25: 10 | E25: =SUM(B25:D25) -> 27 | F25: 2400 | G25: 9550 | H25: 0 | I25: 0 | J25: 0 | K25: 0 | L25: 0 | M25: =SUM(F25:L25) -> 11950 | N25: 0 | O25: 0 | P25: 0 | Q25: 0 | R25: 0 | S25: 0 | T25: 0 | U25: 0 | V25: =SUM(S25:U25) -> 0 | W25: 0 | X25: 0 | Y25: 0 | Z25: 0 | AA25: =IF(SUM(W25:Z25)>0,AVERAGEIF(W25:Z25,"<>0"),"-") -> - | AB25: 0 | AC25: 0 | AD25: 0 | AE25: =SUM(AB25:AD25) -> 0
B26: =SUM(B22:B25) -> 70 | C26: =SUM(C22:C25) -> 107 | D26: =SUM(D22:D25) -> 114 | E26: =SUM(E22:E25) -> 291 | F26: =SUM(F22:F25) -> 32210 | G26: =SUM(G22:G25) -> 56350 | H26: =SUM(H22:H25) -> 0 | I26: =SUM(I22:I25) -> 6700 | ... U26: =SUM(U22:U25) -> 0 | V26: =IF(SUM(V22:V25)>0,AVERAGEIF(V22:V25,"<>0"),0) -> 0 | W26: =SUM(W22:W25) -> 0 | X26: =SUM(X22:X25) -> 0 | Y26: =SUM(Y22:Y25) -> 0 | Z26: =SUM(Z22:Z25) -> 0 | AA26: =IF(SUM(AA22:AA25),AVERAGEIF(AA22:AA25,"<>0"),0) -> 0 | AB26: =SUM(AB22:AB25) -> 0 | AC26: =SUM(AC22:AC25) -> 0 | AD26: =SUM(AD22:AD25) -> 0 | AE26: =SUM(AE22:AE25) -> 0
A27: I - care | B27: 32 | C27: 32 | D27: 50 | E27: =SUM(B27:D27) -> 114 | F27: 7550 | G27: 5750 | H27: 0 | I27: 1380 | J27: 0 | K27: 0 | L27: 0 | M27: =SUM(F27:L27) -> 14680 | N27: 3 | O27: 5 | P27: 0 | Q27: 0 | R27: 0 | S27: 0 | T27: 0 | U27: 0 | V27: =SUM(S27:U27) -> 0 | W27: 0 | X27: 0 | Y27: 0 | Z27: 0 | AA27: =IF(SUM(W27:Z27)>0,AVERAGEIF(W27:Z27,"<>0"),"-") -> - | AB27: 0 | AC27: 0 | AD27: 0 | AE27: =SUM(AB27:AD27) -> 0
A28: Favour | B28: 4 | C28: 12 | D28: 19 | E28: =SUM(B28:D28) -> 35 | F28: 1060 | G28: 2880 | H28: 0 | I28: 0 | J28: 0 | K28: 0 | L28: 0 | M28: =SUM(F28:L28) -> 3940 | N28: 0 | O28: 0 | P28: 0 | Q28: 0 | R28: 0 | S28: 0 | T28: 0 | U28: 0 | V28: =SUM(S28:U28) -> 0 | W28: 0 | X28: 0 | Y28: 0 | Z28: 0 | AA28: =IF(SUM(W28:Z28)>0,AVERAGEIF(W28:Z28,"<>0"),"-") -> - | AB28: 0 | AC28: 0 | AD28: 0 | AE28: =SUM(AB28:AD28) -> 0
A29: Praise | B29: 32 | C29: 47 | D29: 38 | E29: =SUM(B29:D29) -> 117 | F29: 8910 | G29: 8400 | H29: 0 | I29: 2200 | J29: 0 | K29: 0 | L29: 0 | M29: =SUM(F29:L29) -> 19510 | N29: 0 | O29: 1 | P29: 0 | Q29: 0 | R29: 0 | S29: 0 | T29: 0 | U29: 0 | V29: =SUM(S29:U29) -> 0 | W29: 0 | X29: 0 | Y29: 0 | Z29: 0 | AA29: =IF(SUM(W29:Z29)>0,AVERAGEIF(W29:Z29,"<>0"),"-") -> - | AB29: 0 | AC29: 0 | AD29: 0 | AE29: =SUM(AB29:AD29) -> 0
A30: Restoration | B30: 15 | C30: 37 | D30: 57 | E30: =SUM(B30:D30) -> 109 | F30: 0 | G30: 0 | H30: 0 | I30: 0 | J30: 0 | K30: 0 | L30: 0 | M30: =SUM(F30:L30) -> 0 | N30: 0 | O30: 0 | P30: 0 | Q30: 0 | R30: 0 | S30: 0 | T30: 0 | U30: 0 | V30: =SUM(S30:U30) -> 0 | W30: 0 | X30: 0 | Y30: 0 | Z30: 0 | AA30: =IF(SUM(W30:Z30)>0,AVERAGEIF(W30:Z30,"<>0"),"-") -> - | AB30: 0 | AC30: 0 | AD30: 0 | AE30: =SUM(AB30:AD30) -> 0
A31: Royal Tabernacle | B31: 8 | C31: 11 | D31: 25 | E31: =SUM(B31:D31) -> 44 | F31: 0 | G31: 0 | H31: 0 | I31: 450 | J31: 0 | K31: 610 | L31: 0 | M31: =SUM(F31:L31) -> 1060 | N31: 0 | O31: 0 | P31: 0 | Q31: 0 | R31: 0 | S31: 0 | T31: 0 | U31: 0 | V31: =SUM(S31:U31) -> 0 | W31: 0 | X31: 0 | Y31: 0 | Z31: 0 | AA31: =IF(SUM(W31:Z31)>0,AVERAGEIF(W31:Z31,"<>0"),"-") -> - | AB31: 0 | AC31: 0 | AD31: 0 | AE31: =SUM(AB31:AD31) -> 0
A32: Salem | B32: 8 | C32: 15 | D32: 44 | E32: =SUM(B32:D32) -> 67 | F32: 3770 | G32: 10350 | H32: 0 | I32: 0 | J32: 0 | K32: 0 | L32: 0 | M32: =SUM(F32:L32) -> 14120 | N32: 6 | O32: 0 | P32: 0 | Q32: 0 | R32: 0 | S32: 0 | T32: 0 | U32: 0 | V32: =SUM(S32:U32) -> 0 | W32: 0 | X32: 0 | Y32: 0 | Z32: 0 | AA32: =IF(SUM(W32:Z32)>0,AVERAGEIF(W32:Z32,"<>0"),"-") -> - | AB32: 0 | AC32: 0 | AD32: 0 | AE32: =SUM(AB32:AD32) -> 0
A33: City of Truth | B33: 23 | C33: 31 | D33: 29 | E33: =SUM(B33:D33) -> 83 | F33: 10070 | G33: 4000 | H33: 0 | I33: 0 | J33: 0 | K33: 0 | L33: 0 | M33: =SUM(F33:L33) -> 14070 | N33: 4 | O33: 2 | P33: 0 | Q33: 0 | R33: 0 | S33: 0 | T33: 0 | U33: 0 | V33: =SUM(S33:U33) -> 0 | W33: 0 | X33: 0 | Y33: 0 | Z33: 0 | AA33: =IF(SUM(W33:Z33)>0,AVERAGEIF(W33:Z33,"<>0"),"-") -> - | AB33: 0 | AC33: 0 | AD33: 0 | AE33: =SUM(AB33:AD33) -> 0
A34: Peculiar | B34: 11 | C34: 12 | D34: 16 | E34: =SUM(B34:D34) -> 39 | F34: 6660 | G34: 1300 | H34: 0 | I34: 0 | J34: 0 | K34: 0 | L34: 0 | M34: =SUM(F34:L34) -> 7960 | N34: 7 | O34: 0 | P34: 0 | Q34: 0 | R34: 0 | S34: 0 | T34: 0 | U34: 0 | V34: =SUM(S34:U34) -> 0 | W34: 0 | X34: 0 | Y34: 0 | Z34: 0 | AA34: =IF(SUM(W34:Z34)>0,AVERAGEIF(W34:Z34,"<>0"),"-") -> - | AB34: 0 | AC34: 0 | AD34: 0 | AE34: =SUM(AB34:AD34) -> 0
A35: Miracle | B35: 4 | C35: 6 | D35: 8 | E35: =SUM(B35:D35) -> 18 | F35: 1400 | G35: 1500 | H35: 0 | I35: 0 | J35: 0 | K35: 0 | L35: 0 | M35: =SUM(F35:L35) -> 2900 | N35: 0 | O35: 0 | P35: 0 | Q35: 0 | R35: 0 | S35: 0 | T35: 0 | U35: 0 | V35: =SUM(S35:U35) -> 0 | W35: 0 | X35: 0 | Y35: 0 | Z35: 0 | AA35: =IF(SUM(W35:Z35)>0,AVERAGEIF(W35:Z35,"<>0"),"-") -> - | AB35: 0 | AC35: 0 | AD35: 0 | AE35: =SUM(AB35:AD35) -> 0
B36: =SUM(B27:B35) -> 137 | C36: =SUM(C27:C35) -> 203 | D36: =SUM(D27:D35) -> 286 | E36: =SUM(E27:E35) -> 626 | F36: =SUM(F27:F35) -> 39420 | G36: =SUM(G27:G35) -> 34180 | H36: =SUM(H27:H35) -> 0 | I36: =SUM(I27:I35) -> 4030 | ... U36: =SUM(U27:U35) -> 0 | V36: =IF(SUM(V27:V35)>0,AVERAGEIF(V27:V35,"<>0"),0) -> 0 | W36: =SUM(W27:W35) -> 0 | X36: =SUM(X27:X35) -> 0 | Y36: =SUM(Y27:Y35) -> 0 | Z36: =SUM(Z27:Z35) -> 0 | AA36: =IF(SUM(AA27:AA35),AVERAGEIF(AA27:AA35,"<>0"),0) -> 0 | AB36: =SUM(AB27:AB35) -> 0 | AC36: =SUM(AC27:AC35) -> 0 | AD36: =SUM(AD27:AD35) -> 0 | AE36: =SUM(AE27:AE35) -> 0
A37: Revival | B37: 45 | C37: 80 | D37: 83 | E37: =SUM(B37:D37) -> 208 | F37: =10270+5950 -> 16220 | G37: 11350 | H37: 0 | I37: 0 | J37: 0 | K37: 0 | L37: 0 | M37: =SUM(F37:L37) -> 27570 | N37: 0 | O37: 0 | P37: 0 | Q37: 0 | R37: 0 | S37: 0 | T37: 0 | U37: 0 | V37: =SUM(S37:U37) -> 0 | W37: 0 | X37: 0 | Y37: 0 | Z37: 0 | AA37: =IF(SUM(W37:Z37)>0,AVERAGEIF(W37:Z37,"<>0"),"-") -> - | AB37: 0 | AC37: 0 | AD37: 0 | AE37: =SUM(AB37:AD37) -> 0
A38: Throne of Mercy | B38: 4 | C38: 3 | D38: 6 | E38: =SUM(B38:D38) -> 13 | F38: 1250 | G38: 0 | H38: 0 | I38: 0 | J38: 0 | K38: 0 | L38: 0 | M38: =SUM(F38:L38) -> 1250 | N38: 0 | O38: 0 | P38: 0 | Q38: 0 | R38: 0 | S38: 0 | T38: 0 | U38: 0 | V38: =SUM(S38:U38) -> 0 | W38: 0 | X38: 0 | Y38: 0 | Z38: 0 | AA38: =IF(SUM(W38:Z38)>0,AVERAGEIF(W38:Z38,"<>0"),"-") -> - | AB38: 0 | AC38: 0 | AD38: 0 | AE38: =SUM(AB38:AD38) -> 0
A39: Transformation | B39: 0 | C39: 0 | D39: 0 | E39: =SUM(B39:D39) -> 0 | F39: 0 | G39: 0 | H39: 0 | I39: 0 | J39: 0 | K39: 0 | L39: 0 | M39: =SUM(F39:L39) -> 0 | N39: 0 | O39: 0 | P39: 0 | Q39: 0 | R39: 0 | S39: 0 | T39: 0 | U39: 0 | V39: =SUM(S39:U39) -> 0 | W39: 0 | X39: 0 | Y39: 0 | Z39: 0 | AA39: =IF(SUM(W39:Z39)>0,AVERAGEIF(W39:Z39,"<>0"),"-") -> - | AB39: 0 | AC39: 0 | AD39: 0 | AE39: =SUM(AB39:AD39) -> 0
A40: Salvation | B40: 0 | C40: 0 | D40: 0 | E40: =SUM(B40:D40) -> 0 | F40: 0 | G40: 0 | H40: 0 | I40: 0 | J40: 0 | K40: 0 | L40: 0 | M40: =SUM(F40:L40) -> 0 | N40: 0 | O40: 0 | P40: 0 | Q40: 0 | R40: 0 | S40: 0 | T40: 0 | U40: 0 | V40: =SUM(S40:U40) -> 0 | W40: 0 | X40: 0 | Y40: 0 | Z40: 0 | AA40: =IF(SUM(W40:Z40)>0,AVERAGEIF(W40:Z40,"<>0"),"-") -> - | AB40: 0 | AC40: 0 | AD40: 0 | AE40: =SUM(AB40:AD40) -> 0
A41: Freedom | B41: 0 | C41: 0 | D41: 0 | E41: =SUM(B41:D41) -> 0 | F41: 0 | G41: 0 | H41: 0 | I41: 0 | J41: 0 | K41: 0 | L41: 0 | M41: =SUM(F41:L41) -> 0 | N41: 0 | O41: 0 | P41: 0 | Q41: 0 | R41: 0 | S41: 0 | T41: 0 | U41: 0 | V41: =SUM(S41:U41) -> 0 | W41: 0 | X41: 0 | Y41: 0 | Z41: 0 | AA41: =IF(SUM(W41:Z41)>0,AVERAGEIF(W41:Z41,"<>0"),"-") -> - | AB41: 0 | AC41: 0 | AD41: 0 | AE41: =SUM(AB41:AD41) -> 0
A42: Dunamis | B42: 0 | C42: 0 | D42: 0 | E42: =SUM(B42:D42) -> 0 | F42: 0 | G42: 0 | H42: 0 | I42: 0 | J42: 0 | K42: 0 | L42: 0 | M42: =SUM(F42:L42) -> 0 | N42: 0 | O42: 0 | P42: 0 | Q42: 0 | R42: 0 | S42: 0 | T42: 0 | U42: 0 | V42: =SUM(S42:U42) -> 0 | W42: 0 | X42: 0 | Y42: 0 | Z42: 0 | AA42: =IF(SUM(W42:Z42)>0,AVERAGEIF(W42:Z42,"<>0"),"-") -> - | AB42: 0 | AC42: 0 | AD42: 0 | AE42: =SUM(AB42:AD42) -> 0
A43: Word of Life | B43: 0 | C43: 0 | D43: 0 | E43: =SUM(B43:D43) -> 0 | F43: 0 | G43: 0 | H43: 0 | I43: 0 | J43: 0 | K43: 0 | L43: 0 | M43: =SUM(F43:L43) -> 0 | N43: 0 | O43: 0 | P43: 0 | Q43: 0 | R43: 0 | S43: 0 | T43: 0 | U43: 0 | V43: =SUM(S43:U43) -> 0 | W43: 0 | X43: 0 | Y43: 0 | Z43: 0 | AA43: =IF(SUM(W43:Z43)>0,AVERAGEIF(W43:Z43,"<>0"),"-") -> - | AB43: 0 | AC43: 0 | AD43: 0 | AE43: =SUM(AB43:AD43) -> 0
A44: Goshen | B44: 6 | C44: 0 | D44: 6 | E44: =SUM(B44:D44) -> 12 | F44: 650 | G44: 2500 | H44: 0 | I44: 0 | J44: 0 | K44: 0 | L44: 0 | M44: =SUM(F44:L44) -> 3150 | N44: 0 | O44: 0 | P44: 0 | Q44: 0 | R44: 0 | S44: 0 | T44: 0 | U44: 0 | V44: =SUM(S44:U44) -> 0 | W44: 0 | X44: 0 | Y44: 0 | Z44: 0 | AA44: =IF(SUM(W44:Z44)>0,AVERAGEIF(W44:Z44,"<>0"),"-") -> - | AB44: 0 | AC44: 0 | AD44: 0 | AE44: =SUM(AB44:AD44) -> 0
A45: Fruitful Vine | B45: 0 | C45: 0 | D45: 0 | E45: =SUM(B45:D45) -> 0 | F45: 0 | G45: 0 | H45: 0 | I45: 0 | J45: 0 | K45: 0 | L45: 0 | M45: =SUM(F45:L45) -> 0 | N45: 0 | O45: 0 | P45: 0 | Q45: 0 | R45: 0 | S45: 0 | T45: 0 | U45: 0 | V45: =SUM(S45:U45) -> 0 | W45: 0 | X45: 0 | Y45: 0 | Z45: 0 | AA45: =IF(SUM(W45:Z45)>0,AVERAGEIF(W45:Z45,"<>0"),"-") -> - | AB45: 0 | AC45: 0 | AD45: 0 | AE45: =SUM(AB45:AD45) -> 0
A46: Mercy | B46: 0 | C46: 0 | D46: 0 | E46: =SUM(B46:D46) -> 0 | F46: 0 | G46: 0 | H46: 0 | I46: 0 | J46: 0 | K46: 0 | L46: 0 | M46: =SUM(F46:L46) -> 0 | N46: 0 | O46: 0 | P46: 0 | Q46: 0 | R46: 0 | S46: 0 | T46: 0 | U46: 0 | V46: =SUM(S46:U46) -> 0 | W46: 0 | X46: 0 | Y46: 0 | Z46: 0 | AA46: =IF(SUM(W46:Z46)>0,AVERAGEIF(W46:Z46,"<>0"),"-") -> - | AB46: 0 | AC46: 0 | AD46: 0 | AE46: =SUM(AB46:AD46) -> 0
A47: Peace | B47: 0 | C47: 0 | D47: 0 | E47: =SUM(B47:D47) -> 0 | F47: 0 | G47: 0 | H47: 0 | I47: 0 | J47: 0 | K47: 0 | L47: 0 | M47: =SUM(F47:L47) -> 0 | N47: 0 | O47: 0 | P47: 0 | Q47: 0 | R47: 0 | S47: 0 | T47: 0 | U47: 0 | V47: =SUM(S47:U47) -> 0 | W47: 0 | X47: 0 | Y47: 0 | Z47: 0 | AA47: =IF(SUM(W47:Z47)>0,AVERAGEIF(W47:Z47,"<>0"),"-") -> - | AB47: 0 | AC47: 0 | AD47: 0 | AE47: =SUM(AB47:AD47) -> 0
A48: Pillar of Light and Truth | B48: 0 | C48: 0 | D48: 0 | E48: =SUM(B48:D48) -> 0 | F48: 0 | G48: 0 | H48: 0 | I48: 0 | J48: 0 | K48: 0 | L48: 0 | M48: =SUM(F48:L48) -> 0 | N48: 0 | O48: 0 | P48: 0 | Q48: 0 | R48: 0 | S48: 0 | T48: 0 | U48: 0 | V48: =SUM(S48:U48) -> 0 | W48: 0 | X48: 0 | Y48: 0 | Z48: 0 | AA48: =IF(SUM(W48:Z48)>0,AVERAGEIF(W48:Z48,"<>0"),"-") -> - | AB48: 0 | AC48: 0 | AD48: 0 | AE48: =SUM(AB48:AD48) -> 0
A49: Joyful Centre | B49: 0 | C49: 0 | D49: 0 | E49: =SUM(B49:D49) -> 0 | F49: 0 | G49: 0 | H49: 0 | I49: 0 | J49: 0 | K49: 0 | L49: 0 | M49: =SUM(F49:L49) -> 0 | N49: 0 | O49: 0 | P49: 0 | Q49: 0 | R49: 0 | S49: 0 | T49: 0 | U49: 0 | V49: =SUM(S49:U49) -> 0 | W49: 0 | X49: 0 | Y49: 0 | Z49: 0 | AA49: =IF(SUM(W49:Z49)>0,AVERAGEIF(W49:Z49,"<>0"),"-") -> - | AB49: 0 | AC49: 0 | AD49: 0 | AE49: =SUM(AB49:AD49) -> 0
B50: =SUM(B37:B49) -> 55 | C50: =SUM(C37:C49) -> 83 | D50: =SUM(D37:D49) -> 95 | E50: =SUM(E37:E49) -> 233 | F50: =SUM(F37:F49) -> 18120 | G50: =SUM(G37:G49) -> 13850 | H50: =SUM(H37:H49) -> 0 | I50: =SUM(I37:I49) -> 0 | ... U50: =SUM(U37:U49) -> 0 | V50: =IF(SUM(V37:V49)>0,AVERAGEIF(V37:V49,"<>0"),0) -> 0 | W50: =SUM(W37:W49) -> 0 | X50: =SUM(X37:X49) -> 0 | Y50: =SUM(Y37:Y49) -> 0 | Z50: =SUM(Z37:Z49) -> 0 | AA50: =IF(SUM(AA37:AA49),AVERAGEIF(AA37:AA49,"<>0"),0) -> 0 | AB50: =SUM(AB37:AB49) -> 0 | AC50: =SUM(AC37:AC49) -> 0 | AD50: =SUM(AD37:AD49) -> 0 | AE50: =SUM(AE37:AE49) -> 0
A51: GRAND TOTAL | B51: =B10+B15+B21+B26+B36+B50 -> 718 | C51: =C10+C15+C21+C26+C36+C50 -> 971 | D51: =D10+D15+D21+D26+D36+D50 -> 1048 | E51: =E10+E15+E21+E26+E36+E50 -> 2737 | F51: =F10+F15+F21+F26+F36+F50 -> 348060 | G51: =G10+G15+G21+G26+G36+G50 -> 219930 | H51: =H10+H15+H21+H26+H36+H50 -> 0 | I51: =I10+I15+I21+I26+I36+I50 -> 22070 | ... U51: =U10+U15+U21+U26+U36+U50 -> 0 | V51: =IF(SUM(V6:V50)>0,AVERAGEIF(V6:V50, "<>0"),0) -> 0 | W51: =W10+W15+W21+W26+W36+W50 -> 0 | X51: =X10+X15+X21+X26+X36+X50 -> 0 | Y51: =Y10+Y15+Y21+Y26+Y36+Y50 -> 0 | Z51: =Z10+Z15+Z21+Z26+Z36+Z50 -> 0 | AA51: =IF(SUM(AA6:AA50)>0,AVERAGEIF(AA6:AA50, "<>0"),0) -> 0 | AB51: =AB10+AB15+AB21+AB26+AB36+AB50 -> 0 | AC51: =AC10+AC15+AC21+AC26+AC36+AC50 -> 0 | AD51: =AD10+AD15+AD21+AD26+AD36+AD50 -> 0 | AE51: =AE10+AE15+AE21+AE26+AE36+AE50 -> 0

Sheet WK3
B4: ATTENDANCE | F4: INCOME | N4: IMPACT | P4: ALLOCATIONS | S4: CUT OFF DATE [COD] | W4: ATTENDANCE TO PROGRAMMES | AB4: OTHERS
A5: Church Name | B5: Male | C5: Female | D5: Children | E5: Total | F5: Offering | G5: Tithes | H5: N-Missions | I5: H-Missions | J5: S-Missions | K5: GHTI | L5: Thanksgiving | M5: Total | N5: Testimonies | O5: First timers | P5: State | Q5: Regional | R5: National | S5: State | T5: Regional | U5: National | V5: COD Total | W5: Zone | X5: State | Y5: Regional | Z5: National | AA5: Average | AB5: Firstfruits | AC5: Arise & Build | AD5: CRMIC | AE5: Total
A6: Rehoboth | B6: 90 | C6: 91 | D6: 84 | E6: =SUM(B6:D6) -> 265 | F6: 50320 | G6: 11000 | H6: 0 | I6: 4250 | J6: 0 | K6: 0 | L6: 0 | M6: =SUM(F6:L6) -> 65570 | N6: 1 | O6: 4 | P6: 0 | Q6: 0 | R6: 0 | S6: 0 | T6: 0 | U6: 0 | V6: =SUM(S6:U6) -> 0 | W6: 0 | X6: 0 | Y6: 0 | Z6: 0 | AA6: =IF(SUM(W6:Z6)>0,AVERAGEIF(W6:Z6,"<>0"),"-") -> - | AB6: 0 | AC6: 0 | AD6: 0 | AE6: =SUM(AB6:AD6) -> 0
A7: Love International | B7: 69 | C7: 88 | D7: 80 | E7: =SUM(B7:D7) -> 237 | F7: 35010 | G7: 9100 | H7: 0 | I7: 2800 | J7: 0 | K7: 0 | L7: 0 | M7: =SUM(F7:L7) -> 46910 | N7: 1 | O7: 3 | P7: 0 | Q7: 0 | R7: 0 | S7: 0 | T7: 0 | U7: 0 | V7: =SUM(S7:U7) -> 0 | W7: 0 | X7: 0 | Y7: 0 | Z7: 0 | AA7: =IF(SUM(W7:Z7)>0,AVERAGEIF(W7:Z7,"<>0"),"-") -> - | AB7: 0 | AC7: 0 | AD7: 0 | AE7: =SUM(AB7:AD7) -> 0
A8: Throne of Greatness | B8: 4 | C8: 6 | D8: 1 | E8: =SUM(B8:D8) -> 11 | F8: 3550 | G8: 0 | H8: 0 | I8: 0 | J8: 0 | K8: 0 | L8: 0 | M8: =SUM(F8:L8) -> 3550 | N8: 3 | O8: 0 | P8: 0 | Q8: 0 | R8: 0 | S8: 0 | T8: 0 | U8: 0 | V8: =SUM(S8:U8) -> 0 | W8: 0 | X8: 0 | Y8: 0 | Z8: 0 | AA8: =IF(SUM(W8:Z8)>0,AVERAGEIF(W8:Z8,"<>0"),"-") -> - | AB8: 0 | AC8: 0 | AD8: 0 | AE8: =SUM(AB8:AD8) -> 0
A9: Shekinar Glory | B9: 10 | C9: 11 | D9: 10 | E9: =SUM(B9:D9) -> 31 | F9: 5150 | G9: 2500 | H9: 0 | I9: 0 | J9: 0 | K9: 0 | L9: 0 | M9: =SUM(F9:L9) -> 7650 | N9: 4 | O9: 0 | P9: 0 | Q9: 0 | R9: 0 | S9: 0 | T9: 0 | U9: 0 | V9: =SUM(S9:U9) -> 0 | W9: 0 | X9: 0 | Y9: 0 | Z9: 0 | AA9: =IF(SUM(W9:Z9)>0,AVERAGEIF(W9:Z9,"<>0"),"-") -> - | AB9: 0 | AC9: 0 | AD9: 0 | AE9: =SUM(AB9:AD9) -> 0
B10: =SUM(B6:B9) -> 173 | C10: =SUM(C6:C9) -> 196 | D10: =SUM(D6:D9) -> 175 | E10: =SUM(E6:E9) -> 544 | F10: =SUM(F6:F9) -> 94030 | G10: =SUM(G6:G9) -> 22600 | H10: =SUM(H6:H9) -> 0 | I10: =SUM(I6:I9) -> 7050 | ... U10: =SUM(U6:U9) -> 0 | V10: =IF(SUM(V6:V9)>0,AVERAGEIF(V6:V9,"<>0"),0) -> 0 | W10: =SUM(W6:W9) -> 0 | X10: =SUM(X6:X9) -> 0 | Y10: =SUM(Y6:Y9) -> 0 | Z10: =SUM(Z6:Z9) -> 0 | AA10: =IF(SUM(AA6:AA9),AVERAGEIF(AA6:AA9,"<>0"),0) -> 0 | AB10: =SUM(AB6:AB9) -> 0 | AC10: =SUM(AC6:AC9) -> 0 | AD10: =SUM(AD6:AD9) -> 0 | AE10: =SUM(AE6:AE9) -> 0
A11: Zion Faith Int'l | B11: 69 | C11: 81 | D11: 67 | E11: =SUM(B11:D11) -> 217 | F11: 43950 | G11: 1000 | H11: 0 | I11: 0 | J11: 0 | K11: 0 | L11: 0 | M11: =SUM(F11:L11) -> 44950 | N11: 1 | O11: 1 | P11: 0 | Q11: 0 | R11: 0 | S11: 0 | T11: 0 | U11: 0 | V11: =SUM(S11:U11) -> 0 | W11: 0 | X11: 0 | Y11: 0 | Z11: 0 | AA11: =IF(SUM(W11:Z11)>0,AVERAGEIF(W11:Z11,"<>0"),"-") -> - | AB11: 0 | AC11: 0 | AD11: 0 | AE11: =SUM(AB11:AD11) -> 0
A12: Maranatha | B12: 23 | C12: 40 | D12: 44 | E12: =SUM(B12:D12) -> 107 | F12: 16690 | G12: 4500 | H12: 0 | I12: 0 | J12: 0 | K12: 0 | L12: 0 | M12: =SUM(F12:L12) -> 21190 | N12: 2 | O12: 1 | P12: 0 | Q12: 0 | R12: 0 | S12: 0 | T12: 0 | U12: 0 | V12: =SUM(S12:U12) -> 0 | W12: 0 | X12: 0 | Y12: 0 | Z12: 0 | AA12: =IF(SUM(W12:Z12)>0,AVERAGEIF(W12:Z12,"<>0"),"-") -> - | AB12: 0 | AC12: 0 | AD12: 0 | AE12: =SUM(AB12:AD12) -> 0
A13: Elevation | B13: 22 | C13: 23 | D13: 34 | E13: =SUM(B13:D13) -> 79 | F13: =14480+1600 -> 16080 | G13: 0 | H13: 0 | I13: 0 | J13: 0 | K13: 4600 | L13: 0 | M13: =SUM(F13:L13) -> 20680 | N13: 2 | O13: 0 | P13: 0 | Q13: 0 | R13: 0 | S13: 0 | T13: 0 | U13: 0 | V13: =SUM(S13:U13) -> 0 | W13: 0 | X13: 0 | Y13: 0 | Z13: 0 | AA13: =IF(SUM(W13:Z13)>0,AVERAGEIF(W13:Z13,"<>0"),"-") -> - | AB13: 0 | AC13: 0 | AD13: 0 | AE13: =SUM(AB13:AD13) -> 0
A14: Precious | B14: 3 | C14: 4 | D14: 9 | E14: =SUM(B14:D14) -> 16 | F14: 1250 | G14: 1000 | H14: 0 | I14: 0 | J14: 0 | K14: 0 | L14: 0 | M14: =SUM(F14:L14) -> 2250 | N14: 0 | O14: 0 | P14: 0 | Q14: 0 | R14: 0 | S14: 0 | T14: 0 | U14: 0 | V14: =SUM(S14:U14) -> 0 | W14: 0 | X14: 0 | Y14: 0 | Z14: 0 | AA14: =IF(SUM(W14:Z14)>0,AVERAGEIF(W14:Z14,"<>0"),"-") -> - | AB14: 0 | AC14: 0 | AD14: 0 | AE14: =SUM(AB14:AD14) -> 0
B15: =SUM(B11:B14) -> 117 | C15: =SUM(C11:C14) -> 148 | D15: =SUM(D11:D14) -> 154 | E15: =SUM(E11:E14) -> 419 | F15: =SUM(F11:F14) -> 77970 | G15: =SUM(G11:G14) -> 6500 | H15: =SUM(H11:H14) -> 0 | I15: =SUM(I11:I14) -> 0 | ... U15: =SUM(U11:U14) -> 0 | V15: =IF(SUM(V11:V14)>0,AVERAGEIF(V11:V14,"<>0"),0) -> 0 | W15: =SUM(W11:W14) -> 0 | X15: =SUM(X11:X14) -> 0 | Y15: =SUM(Y11:Y14) -> 0 | Z15: =SUM(Z11:Z14) -> 0 | AA15: =IF(SUM(AA11:AA14),AVERAGEIF(AA11:AA14,"<>0"),0) -> 0 | AB15: =SUM(AB11:AB14) -> 0 | AC15: =SUM(AC11:AC14) -> 0 | AD15: =SUM(AD11:AD14) -> 0 | AE15: =SUM(AE11:AE14) -> 0
A16: Goodnews | B16: 46 | C16: 71 | D16: 59 | E16: =SUM(B16:D16) -> 176 | F16: 22950 | G16: 19000 | H16: 0 | I16: 0 | J16: 0 | K16: 2150 | L16: 700 | M16: =SUM(F16:L16) -> 44800 | N16: 3 | O16: 0 | P16: 0 | Q16: 0 | R16: 0 | S16: 0 | T16: 0 | U16: 0 | V16: =SUM(S16:U16) -> 0 | W16: 0 | X16: 0 | Y16: 0 | Z16: 0 | AA16: =IF(SUM(W16:Z16)>0,AVERAGEIF(W16:Z16,"<>0"),"-") -> - | AB16: 0 | AC16: 0 | AD16: 0 | AE16: =SUM(AB16:AD16) -> 0
A17: Shiloh | B17: 59 | C17: 75 | D17: 98 | E17: =SUM(B17:D17) -> 232 | F17: 14700 | G17: 21300 | H17: 0 | I17: 0 | J17: 0 | K17: 0 | L17: 5820 | M17: =SUM(F17:L17) -> 41820 | N17: 3 | O17: 4 | P17: 0 | Q17: 0 | R17: 0 | S17: 0 | T17: 0 | U17: 0 | V17: =SUM(S17:U17) -> 0 | W17: 0 | X17: 0 | Y17: 0 | Z17: 0 | AA17: =IF(SUM(W17:Z17)>0,AVERAGEIF(W17:Z17,"<>0"),"-") -> - | AB17: 0 | AC17: 0 | AD17: 0 | AE17: =SUM(AB17:AD17) -> 0
A18: Lords | B18: 8 | C18: 20 | D18: 20 | E18: =SUM(B18:D18) -> 48 | F18: =1860+6020 -> 7880 | G18: 0 | H18: 0 | I18: 1020 | J18: 0 | K18: 300 | L18: 0 | M18: =SUM(F18:L18) -> 9200 | N18: 3 | O18: 0 | P18: 0 | Q18: 0 | R18: 0 | S18: 0 | T18: 0 | U18: 0 | V18: =SUM(S18:U18) -> 0 | W18: 0 | X18: 0 | Y18: 0 | Z18: 0 | AA18: =IF(SUM(W18:Z18)>0,AVERAGEIF(W18:Z18,"<>0"),"-") -> - | AB18: 0 | AC18: 0 | AD18: 0 | AE18: =SUM(AB18:AD18) -> 0
A19: Redemption | B19: 4 | C19: 3 | D19: 5 | E19: =SUM(B19:D19) -> 12 | F19: 2950 | G19: 10000 | H19: 0 | I19: 0 | J19: 0 | K19: 0 | L19: 0 | M19: =SUM(F19:L19) -> 12950 | N19: 4 | O19: 0 | P19: 0 | Q19: 0 | R19: 0 | S19: 0 | T19: 0 | U19: 0 | V19: =SUM(S19:U19) -> 0 | W19: 0 | X19: 0 | Y19: 0 | Z19: 0 | AA19: =IF(SUM(W19:Z19)>0,AVERAGEIF(W19:Z19,"<>0"),"-") -> - | AB19: 0 | AC19: 0 | AD19: 0 | AE19: =SUM(AB19:AD19) -> 0
A20: Upper room | B20: 15 | C20: 37 | D20: 57 | E20: =SUM(B20:D20) -> 109 | F20: 10650 | G20: 10500 | H20: 0 | I20: 1250 | J20: 0 | K20: 3300 | L20: 0 | M20: =SUM(F20:L20) -> 25700 | N20: 4 | O20: 0 | P20: 0 | Q20: 0 | R20: 0 | S20: 0 | T20: 0 | U20: 0 | V20: =SUM(S20:U20) -> 0 | W20: 0 | X20: 0 | Y20: 0 | Z20: 0 | AA20: =IF(SUM(W20:Z20)>0,AVERAGEIF(W20:Z20,"<>0"),"-") -> - | AB20: 0 | AC20: 0 | AD20: 0 | AE20: =SUM(AB20:AD20) -> 0
B21: =SUM(B16:B20) -> 132 | C21: =SUM(C16:C20) -> 206 | D21: =SUM(D16:D20) -> 239 | E21: =SUM(E16:E20) -> 577 | F21: =SUM(F16:F20) -> 59130 | G21: =SUM(G16:G20) -> 60800 | H21: =SUM(H16:H20) -> 0 | I21: =SUM(I16:I20) -> 2270 | ... U21: =SUM(U16:U20) -> 0 | V21: =IF(SUM(V16:V20)>0,AVERAGEIF(V16:V20,"<>0"),0) -> 0 | W21: =SUM(W16:W20) -> 0 | X21: =SUM(X16:X20) -> 0 | Y21: =SUM(Y16:Y20) -> 0 | Z21: =SUM(Z16:Z20) -> 0 | AA21: =IF(SUM(AA16:AA20),AVERAGEIF(AA16:AA20,"<>0"),0) -> 0 | AB21: =SUM(AB16:AB20) -> 0 | AC21: =SUM(AC16:AC20) -> 0 | AD21: =SUM(AD16:AD20) -> 0 | AE21: =SUM(AE16:AE20) -> 0
A22: Dominion | B22: 19 | C22: 41 | D22: 45 | E22: =SUM(B22:D22) -> 105 | F22: 6450 | G22: 11400 | H22: 0 | I22: 1710 | J22: 0 | K22: 0 | L22: 0 | M22: =SUM(F22:L22) -> 19560 | N22: 0 | O22: 0 | P22: 0 | Q22: 0 | R22: 0 | S22: 0 | T22: 0 | U22: 0 | V22: =SUM(S22:U22) -> 0 | W22: 0 | X22: 0 | Y22: 0 | Z22: 0 | AA22: =IF(SUM(W22:Z22)>0,AVERAGEIF(W22:Z22,"<>0"),"-") -> - | AB22: 0 | AC22: 0 | AD22: 0 | AE22: =SUM(AB22:AD22) -> 0
A23: Fruitful | B23: 0 | C23: 0 | D23: 0 | E23: =SUM(B23:D23) -> 0 | F23: 0 | G23: 0 | H23: 0 | I23: 0 | J23: 0 | K23: 0 | L23: 0 | M23: =SUM(F23:L23) -> 0 | N23: 0 | O23: 0 | P23: 0 | Q23: 0 | R23: 0 | S23: 0 | T23: 0 | U23: 0 | V23: =SUM(S23:U23) -> 0 | W23: 0 | X23: 0 | Y23: 0 | Z23: 0 | AA23: =IF(SUM(W23:Z23)>0,AVERAGEIF(W23:Z23,"<>0"),"-") -> - | AB23: 0 | AC23: 0 | AD23: 0 | AE23: =SUM(AB23:AD23) -> 0
A24: Heritage | B24: 48 | C24: 75 | D24: 72 | E24: =SUM(B24:D24) -> 195 | F24: 17950 | G24: 19785 | H24: 0 | I24: 15450 | J24: 0 | K24: 0 | L24: 0 | M24: =SUM(F24:L24) -> 53185 | N24: 0 | O24: 0 | P24: 0 | Q24: 0 | R24: 0 | S24: 0 | T24: 0 | U24: 0 | V24: =SUM(S24:U24) -> 0 | W24: 0 | X24: 0 | Y24: 0 | Z24: 0 | AA24: =IF(SUM(W24:Z24)>0,AVERAGEIF(W24:Z24,"<>0"),"-") -> - | AB24: 0 | AC24: 0 | AD24: 0 | AE24: =SUM(AB24:AD24) -> 0
A25: Convenant House | B25: 12 | D25: 6 | E25: =SUM(B25:D25) -> 18 | F25: 2620 | G25: 8300 | H25: 0 | I25: 0 | J25: 0 | K25: 0 | L25: 0 | M25: =SUM(F25:L25) -> 10920 | N25: 0 | O25: 0 | P25: 0 | Q25: 0 | R25: 0 | S25: 0 | T25: 0 | U25: 0 | V25: =SUM(S25:U25) -> 0 | W25: 0 | X25: 0 | Y25: 0 | Z25: 0 | AA25: =IF(SUM(W25:Z25)>0,AVERAGEIF(W25:Z25,"<>0"),"-") -> - | AB25: 0 | AC25: 0 | AD25: 0 | AE25: =SUM(AB25:AD25) -> 0
B26: =SUM(B22:B25) -> 79 | C26: =SUM(C22:C25) -> 116 | D26: =SUM(D22:D25) -> 123 | E26: =SUM(E22:E25) -> 318 | F26: =SUM(F22:F25) -> 27020 | G26: =SUM(G22:G25) -> 39485 | H26: =SUM(H22:H25) -> 0 | I26: =SUM(I22:I25) -> 17160 | ... U26: =SUM(U22:U25) -> 0 | V26: =IF(SUM(V22:V25)>0,AVERAGEIF(V22:V25,"<>0"),0) -> 0 | W26: =SUM(W22:W25) -> 0 | X26: =SUM(X22:X25) -> 0 | Y26: =SUM(Y22:Y25) -> 0 | Z26: =SUM(Z22:Z25) -> 0 | AA26: =IF(SUM(AA22:AA25),AVERAGEIF(AA22:AA25,"<>0"),0) -> 0 | AB26: =SUM(AB22:AB25) -> 0 | AC26: =SUM(AC22:AC25) -> 0 | AD26: =SUM(AD22:AD25) -> 0 | AE26: =SUM(AE22:AE25) -> 0
A27: I - care | B27: 28 | C27: 28 | D27: 36 | E27: =SUM(B27:D27) -> 92 | F27: 9030 | G27: 6800 | H27: 0 | I27: 200 | J27: 0 | K27: 2440 | L27: 0 | M27: =SUM(F27:L27) -> 18470 | N27: 0 | O27: 0 | P27: 0 | Q27: 0 | R27: 0 | S27: 0 | T27: 0 | U27: 0 | V27: =SUM(S27:U27) -> 0 | W27: 0 | X27: 0 | Y27: 0 | Z27: 0 | AA27: =IF(SUM(W27:Z27)>0,AVERAGEIF(W27:Z27,"<>0"),"-") -> - | AB27: 0 | AC27: 0 | AD27: 0 | AE27: =SUM(AB27:AD27) -> 0
A28: Favour | B28: 2 | C28: 14 | D28: 17 | E28: =SUM(B28:D28) -> 33 | F28: 1620 | G28: 3020 | H28: 0 | I28: 0 | J28: 0 | K28: 0 | L28: 0 | M28: =SUM(F28:L28) -> 4640 | N28: 3 | O28: 0 | P28: 0 | Q28: 0 | R28: 0 | S28: 0 | T28: 0 | U28: 0 | V28: =SUM(S28:U28) -> 0 | W28: 0 | X28: 0 | Y28: 0 | Z28: 0 | AA28: =IF(SUM(W28:Z28)>0,AVERAGEIF(W28:Z28,"<>0"),"-") -> - | AB28: 0 | AC28: 0 | AD28: 0 | AE28: =SUM(AB28:AD28) -> 0
A29: Praise | B29: 33 | C29: 41 | D29: 46 | E29: =SUM(B29:D29) -> 120 | F29: 12600 | G29: 3000 | H29: 0 | I29: 3600 | J29: 0 | K29: 1650 | L29: 0 | M29: =SUM(F29:L29) -> 20850 | N29: 1 | O29: 1 | P29: 0 | Q29: 0 | R29: 0 | S29: 0 | T29: 0 | U29: 0 | V29: =SUM(S29:U29) -> 0 | W29: 0 | X29: 0 | Y29: 0 | Z29: 0 | AA29: =IF(SUM(W29:Z29)>0,AVERAGEIF(W29:Z29,"<>0"),"-") -> - | AB29: 0 | AC29: 0 | AD29: 0 | AE29: =SUM(AB29:AD29) -> 0
A30: Restoration | B30: 10 | C30: 20 | D30: 40 | E30: =SUM(B30:D30) -> 70 | F30: 4500 | G30: 4100 | I30: 810 | J30: 0 | K30: 0 | L30: 0 | M30: =SUM(F30:L30) -> 9410 | N30: 4 | O30: 0 | P30: 0 | Q30: 0 | R30: 0 | S30: 0 | T30: 0 | U30: 0 | V30: =SUM(S30:U30) -> 0 | W30: 0 | X30: 0 | Y30: 0 | Z30: 0 | AA30: =IF(SUM(W30:Z30)>0,AVERAGEIF(W30:Z30,"<>0"),"-") -> - | AB30: 0 | AC30: 0 | AD30: 0 | AE30: =SUM(AB30:AD30) -> 0
A31: Royal Tabernacle | B31: 7 | C31: 13 | D31: 24 | E31: =SUM(B31:D31) -> 44 | F31: 2480 | G31: 400 | H31: 0 | I31: 520 | J31: 0 | K31: 0 | L31: 0 | M31: =SUM(F31:L31) -> 3400 | N31: 3 | O31: 2 | P31: 0 | Q31: 0 | R31: 0 | S31: 0 | T31: 0 | U31: 0 | V31: =SUM(S31:U31) -> 0 | W31: 0 | X31: 0 | Y31: 0 | Z31: 0 | AA31: =IF(SUM(W31:Z31)>0,AVERAGEIF(W31:Z31,"<>0"),"-") -> - | AB31: 0 | AC31: 0 | AD31: 0 | AE31: =SUM(AB31:AD31) -> 0
A32: Salem | B32: 43 | C32: 15 | D32: 9 | E32: =SUM(B32:D32) -> 67 | F32: 3800 | G32: 4600 | H32: 0 | I32: 0 | J32: 0 | K32: 0 | L32: 0 | M32: =SUM(F32:L32) -> 8400 | N32: 0 | O32: 0 | P32: 0 | Q32: 0 | R32: 0 | S32: 0 | T32: 0 | U32: 0 | V32: =SUM(S32:U32) -> 0 | W32: 0 | X32: 0 | Y32: 0 | Z32: 0 | AA32: =IF(SUM(W32:Z32)>0,AVERAGEIF(W32:Z32,"<>0"),"-") -> - | AB32: 0 | AC32: 0 | AD32: 0 | AE32: =SUM(AB32:AD32) -> 0
A33: City of Truth | B33: 24 | C33: 28 | D33: 25 | E33: =SUM(B33:D33) -> 77 | F33: 12000 | G33: 3700 | H33: 0 | I33: 2050 | J33: 0 | K33: 0 | L33: 0 | M33: =SUM(F33:L33) -> 17750 | N33: 3 | O33: 3 | P33: 0 | Q33: 0 | R33: 0 | S33: 0 | T33: 0 | U33: 0 | V33: =SUM(S33:U33) -> 0 | W33: 0 | X33: 0 | Y33: 0 | Z33: 0 | AA33: =IF(SUM(W33:Z33)>0,AVERAGEIF(W33:Z33,"<>0"),"-") -> - | AB33: 0 | AC33: 0 | AD33: 0 | AE33: =SUM(AB33:AD33) -> 0
A34: Peculiar | B34: 11 | C34: 12 | D34: 16 | E34: =SUM(B34:D34) -> 39 | F34: 6660 | G34: 1300 | H34: 0 | I34: 0 | J34: 0 | K34: 0 | L34: 0 | M34: =SUM(F34:L34) -> 7960 | N34: 7 | O34: 0 | P34: 0 | Q34: 0 | R34: 0 | S34: 0 | T34: 0 | U34: 0 | V34: =SUM(S34:U34) -> 0 | W34: 0 | X34: 0 | Y34: 0 | Z34: 0 | AA34: =IF(SUM(W34:Z34)>0,AVERAGEIF(W34:Z34,"<>0"),"-") -> - | AB34: 0 | AC34: 0 | AD34: 0 | AE34: =SUM(AB34:AD34) -> 0
A35: Miracle | B35: 0 | C35: 0 | D35: 0 | E35: =SUM(B35:D35) -> 0 | F35: 0 | G35: 0 | H35: 0 | I35: 0 | J35: 0 | K35: 0 | L35: 0 | M35: =SUM(F35:L35) -> 0 | N35: 0 | O35: 0 | P35: 0 | Q35: 0 | R35: 0 | S35: 0 | T35: 0 | U35: 0 | V35: =SUM(S35:U35) -> 0 | W35: 0 | X35: 0 | Y35: 0 | Z35: 0 | AA35: =IF(SUM(W35:Z35)>0,AVERAGEIF(W35:Z35,"<>0"),"-") -> - | AB35: 0 | AC35: 0 | AD35: 0 | AE35: =SUM(AB35:AD35) -> 0
B36: =SUM(B27:B35) -> 158 | C36: =SUM(C27:C35) -> 171 | D36: =SUM(D27:D35) -> 213 | E36: =SUM(E27:E35) -> 542 | F36: =SUM(F27:F35) -> 52690 | G36: =SUM(G27:G35) -> 26920 | H36: =SUM(H27:H35) -> 0 | I36: =SUM(I27:I35) -> 7180 | ... U36: =SUM(U27:U35) -> 0 | V36: =IF(SUM(V27:V35)>0,AVERAGEIF(V27:V35,"<>0"),0) -> 0 | W36: =SUM(W27:W35) -> 0 | X36: =SUM(X27:X35) -> 0 | Y36: =SUM(Y27:Y35) -> 0 | Z36: =SUM(Z27:Z35) -> 0 | AA36: =IF(SUM(AA27:AA35),AVERAGEIF(AA27:AA35,"<>0"),0) -> 0 | AB36: =SUM(AB27:AB35) -> 0 | AC36: =SUM(AC27:AC35) -> 0 | AD36: =SUM(AD27:AD35) -> 0 | AE36: =SUM(AE27:AE35) -> 0
A37: Revival | B37: 0 | C37: 0 | D37: 0 | E37: =SUM(B37:D37) -> 0 | F37: 0 | G37: 0 | H37: 0 | I37: 0 | J37: 0 | K37: 0 | L37: 0 | M37: =SUM(F37:L37) -> 0 | N37: 0 | O37: 0 | P37: 0 | Q37: 0 | R37: 0 | S37: 0 | T37: 0 | U37: 0 | V37: =SUM(S37:U37) -> 0 | W37: 0 | X37: 0 | Y37: 0 | Z37: 0 | AA37: =IF(SUM(W37:Z37)>0,AVERAGEIF(W37:Z37,"<>0"),"-") -> - | AB37: 0 | AC37: 0 | AD37: 0 | AE37: =SUM(AB37:AD37) -> 0
A38: Throne of Mercy | B38: 3 | C38: 4 | D38: 6 | E38: =SUM(B38:D38) -> 13 | F38: 2050 | G38: 500 | H38: 0 | I38: 0 | J38: 0 | K38: 0 | L38: 0 | M38: =SUM(F38:L38) -> 2550 | N38: 1 | O38: 2 | P38: 0 | Q38: 0 | R38: 0 | S38: 0 | T38: 0 | U38: 0 | V38: =SUM(S38:U38) -> 0 | W38: 0 | X38: 0 | Y38: 0 | Z38: 0 | AA38: =IF(SUM(W38:Z38)>0,AVERAGEIF(W38:Z38,"<>0"),"-") -> - | AB38: 0 | AC38: 0 | AD38: 0 | AE38: =SUM(AB38:AD38) -> 0
A39: Transformation | B39: 0 | C39: 0 | D39: 0 | E39: =SUM(B39:D39) -> 0 | F39: 0 | G39: 0 | H39: 0 | I39: 0 | J39: 0 | K39: 0 | L39: 0 | M39: =SUM(F39:L39) -> 0 | N39: 0 | O39: 0 | P39: 0 | Q39: 0 | R39: 0 | S39: 0 | T39: 0 | U39: 0 | V39: =SUM(S39:U39) -> 0 | W39: 0 | X39: 0 | Y39: 0 | Z39: 0 | AA39: =IF(SUM(W39:Z39)>0,AVERAGEIF(W39:Z39,"<>0"),"-") -> - | AB39: 0 | AC39: 0 | AD39: 0 | AE39: =SUM(AB39:AD39) -> 0
A40: Salvation | B40: 0 | C40: 0 | D40: 0 | E40: =SUM(B40:D40) -> 0 | F40: 0 | G40: 0 | H40: 0 | I40: 0 | J40: 0 | K40: 0 | L40: 0 | M40: =SUM(F40:L40) -> 0 | N40: 0 | O40: 0 | P40: 0 | Q40: 0 | R40: 0 | S40: 0 | T40: 0 | U40: 0 | V40: =SUM(S40:U40) -> 0 | W40: 0 | X40: 0 | Y40: 0 | Z40: 0 | AA40: =IF(SUM(W40:Z40)>0,AVERAGEIF(W40:Z40,"<>0"),"-") -> - | AB40: 0 | AC40: 0 | AD40: 0 | AE40: =SUM(AB40:AD40) -> 0
A41: Freedom | B41: 0 | C41: 0 | D41: 0 | E41: =SUM(B41:D41) -> 0 | F41: 0 | G41: 0 | H41: 0 | I41: 0 | J41: 0 | K41: 0 | L41: 0 | M41: =SUM(F41:L41) -> 0 | N41: 0 | O41: 0 | P41: 0 | Q41: 0 | R41: 0 | S41: 0 | T41: 0 | U41: 0 | V41: =SUM(S41:U41) -> 0 | W41: 0 | X41: 0 | Y41: 0 | Z41: 0 | AA41: =IF(SUM(W41:Z41)>0,AVERAGEIF(W41:Z41,"<>0"),"-") -> - | AB41: 0 | AC41: 0 | AD41: 0 | AE41: =SUM(AB41:AD41) -> 0
A42: Dunamis | B42: 0 | C42: 0 | D42: 0 | E42: =SUM(B42:D42) -> 0 | F42: 0 | G42: 0 | H42: 0 | I42: 0 | J42: 0 | K42: 0 | L42: 0 | M42: =SUM(F42:L42) -> 0 | N42: 0 | O42: 0 | P42: 0 | Q42: 0 | R42: 0 | S42: 0 | T42: 0 | U42: 0 | V42: =SUM(S42:U42) -> 0 | W42: 0 | X42: 0 | Y42: 0 | Z42: 0 | AA42: =IF(SUM(W42:Z42)>0,AVERAGEIF(W42:Z42,"<>0"),"-") -> - | AB42: 0 | AC42: 0 | AD42: 0 | AE42: =SUM(AB42:AD42) -> 0
A43: Word of Life | B43: 0 | C43: 0 | D43: 0 | E43: =SUM(B43:D43) -> 0 | F43: 0 | G43: 0 | H43: 0 | I43: 0 | J43: 0 | K43: 0 | L43: 0 | M43: =SUM(F43:L43) -> 0 | N43: 0 | O43: 0 | P43: 0 | Q43: 0 | R43: 0 | S43: 0 | T43: 0 | U43: 0 | V43: =SUM(S43:U43) -> 0 | W43: 0 | X43: 0 | Y43: 0 | Z43: 0 | AA43: =IF(SUM(W43:Z43)>0,AVERAGEIF(W43:Z43,"<>0"),"-") -> - | AB43: 0 | AC43: 0 | AD43: 0 | AE43: =SUM(AB43:AD43) -> 0
A44: Goshen | B44: 0 | C44: 0 | D44: 0 | E44: =SUM(B44:D44) -> 0 | F44: 0 | G44: 0 | H44: 0 | I44: 0 | J44: 0 | K44: 0 | L44: 0 | M44: =SUM(F44:L44) -> 0 | N44: 0 | O44: 0 | P44: 0 | Q44: 0 | R44: 0 | S44: 0 | T44: 0 | U44: 0 | V44: =SUM(S44:U44) -> 0 | W44: 0 | X44: 0 | Y44: 0 | Z44: 0 | AA44: =IF(SUM(W44:Z44)>0,AVERAGEIF(W44:Z44,"<>0"),"-") -> - | AB44: 0 | AC44: 0 | AD44: 0 | AE44: =SUM(AB44:AD44) -> 0
A45: Fruitful Vine | B45: 0 | C45: 0 | D45: 0 | E45: =SUM(B45:D45) -> 0 | F45: 0 | G45: 0 | H45: 0 | I45: 0 | J45: 0 | K45: 0 | L45: 0 | M45: =SUM(F45:L45) -> 0 | N45: 0 | O45: 0 | P45: 0 | Q45: 0 | R45: 0 | S45: 0 | T45: 0 | U45: 0 | V45: =SUM(S45:U45) -> 0 | W45: 0 | X45: 0 | Y45: 0 | Z45: 0 | AA45: =IF(SUM(W45:Z45)>0,AVERAGEIF(W45:Z45,"<>0"),"-") -> - | AB45: 0 | AC45: 0 | AD45: 0 | AE45: =SUM(AB45:AD45) -> 0
A46: Mercy | B46: 0 | C46: 0 | D46: 0 | E46: =SUM(B46:D46) -> 0 | F46: 0 | G46: 0 | H46: 0 | I46: 0 | J46: 0 | K46: 0 | L46: 0 | M46: =SUM(F46:L46) -> 0 | N46: 0 | O46: 0 | P46: 0 | Q46: 0 | R46: 0 | S46: 0 | T46: 0 | U46: 0 | V46: =SUM(S46:U46) -> 0 | W46: 0 | X46: 0 | Y46: 0 | Z46: 0 | AA46: =IF(SUM(W46:Z46)>0,AVERAGEIF(W46:Z46,"<>0"),"-") -> - | AB46: 0 | AC46: 0 | AD46: 0 | AE46: =SUM(AB46:AD46) -> 0
A47: Peace | B47: 0 | C47: 0 | D47: 0 | E47: =SUM(B47:D47) -> 0 | F47: 0 | G47: 0 | H47: 0 | I47: 0 | J47: 0 | K47: 0 | L47: 0 | M47: =SUM(F47:L47) -> 0 | N47: 0 | O47: 0 | P47: 0 | Q47: 0 | R47: 0 | S47: 0 | T47: 0 | U47: 0 | V47: =SUM(S47:U47) -> 0 | W47: 0 | X47: 0 | Y47: 0 | Z47: 0 | AA47: =IF(SUM(W47:Z47)>0,AVERAGEIF(W47:Z47,"<>0"),"-") -> - | AB47: 0 | AC47: 0 | AD47: 0 | AE47: =SUM(AB47:AD47) -> 0
A48: Pillar of Light and Truth | B48: 0 | C48: 0 | D48: 0 | E48: =SUM(B48:D48) -> 0 | F48: 0 | G48: 0 | H48: 0 | I48: 0 | J48: 0 | K48: 0 | L48: 0 | M48: =SUM(F48:L48) -> 0 | N48: 0 | O48: 0 | P48: 0 | Q48: 0 | R48: 0 | S48: 0 | T48: 0 | U48: 0 | V48: =SUM(S48:U48) -> 0 | W48: 0 | X48: 0 | Y48: 0 | Z48: 0 | AA48: =IF(SUM(W48:Z48)>0,AVERAGEIF(W48:Z48,"<>0"),"-") -> - | AB48: 0 | AC48: 0 | AD48: 0 | AE48: =SUM(AB48:AD48) -> 0
A49: Joyful Centre | B49: 0 | C49: 0 | D49: 0 | E49: =SUM(B49:D49) -> 0 | F49: 0 | G49: 0 | H49: 0 | I49: 0 | J49: 0 | K49: 0 | L49: 0 | M49: =SUM(F49:L49) -> 0 | N49: 0 | O49: 0 | P49: 0 | Q49: 0 | R49: 0 | S49: 0 | T49: 0 | U49: 0 | V49: =SUM(S49:U49) -> 0 | W49: 0 | X49: 0 | Y49: 0 | Z49: 0 | AA49: =IF(SUM(W49:Z49)>0,AVERAGEIF(W49:Z49,"<>0"),"-") -> - | AB49: 0 | AC49: 0 | AD49: 0 | AE49: =SUM(AB49:AD49) -> 0
B50: =SUM(B37:B49) -> 3 | C50: =SUM(C37:C49) -> 4 | D50: =SUM(D37:D49) -> 6 | E50: =SUM(E37:E49) -> 13 | F50: =SUM(F37:F49) -> 2050 | G50: =SUM(G37:G49) -> 500 | H50: =SUM(H37:H49) -> 0 | I50: =SUM(I37:I49) -> 0 | ... U50: =SUM(U37:U49) -> 0 | V50: =IF(SUM(V37:V49)>0,AVERAGEIF(V37:V49,"<>0"),0) -> 0 | W50: =SUM(W37:W49) -> 0 | X50: =SUM(X37:X49) -> 0 | Y50: =SUM(Y37:Y49) -> 0 | Z50: =SUM(Z37:Z49) -> 0 | AA50: =IF(SUM(AA37:AA49),AVERAGEIF(AA37:AA49,"<>0"),0) -> 0 | AB50: =SUM(AB37:AB49) -> 0 | AC50: =SUM(AC37:AC49) -> 0 | AD50: =SUM(AD37:AD49) -> 0 | AE50: =SUM(AE37:AE49) -> 0
A51: GRAND TOTAL | B51: =B10+B15+B21+B26+B36+B50 -> 662 | C51: =C10+C15+C21+C26+C36+C50 -> 841 | D51: =D10+D15+D21+D26+D36+D50 -> 910 | E51: =E10+E15+E21+E26+E36+E50 -> 2413 | F51: =F10+F15+F21+F26+F36+F50 -> 312890 | G51: =G10+G15+G21+G26+G36+G50 -> 156805 | H51: =H10+H15+H21+H26+H36+H50 -> 0 | I51: =I10+I15+I21+I26+I36+I50 -> 33660 | ... U51: =U10+U15+U21+U26+U36+U50 -> 0 | V51: =IF(SUM(V6:V50)>0,AVERAGEIF(V6:V50, "<>0"),0) -> 0 | W51: =W10+W15+W21+W26+W36+W50 -> 0 | X51: =X10+X15+X21+X26+X36+X50 -> 0 | Y51: =Y10+Y15+Y21+Y26+Y36+Y50 -> 0 | Z51: =Z10+Z15+Z21+Z26+Z36+Z50 -> 0 | AA51: =IF(SUM(AA6:AA50)>0,AVERAGEIF(AA6:AA50, "<>0"),0) -> 0 | AB51: =AB10+AB15+AB21+AB26+AB36+AB50 -> 0 | AC51: =AC10+AC15+AC21+AC26+AC36+AC50 -> 0 | AD51: =AD10+AD15+AD21+AD26+AD36+AD50 -> 0 | AE51: =AE10+AE15+AE21+AE26+AE36+AE50 -> 0

Sheet WK4
B4: ATTENDANCE | F4: INCOME | N4: IMPACT | P4: ALLOCATIONS | S4: CUT OFF DATE [COD] | W4: ATTENDANCE TO PROGRAMMES | AB4: OTHERS
A5: Church Name | B5: Male | C5: Female | D5: Children | E5: Total | F5: Offering | G5: Tithes | H5: N-Missions | I5: H-Missions | J5: S-Missions | K5: GHTI | L5: Thanksgiving | M5: Total | N5: Testimonies | O5: First timers | P5: State | Q5: Regional | R5: National | S5: State | T5: Regional | U5: National | V5: COD Total | W5: Zone | X5: State | Y5: Regional | Z5: National | AA5: Average | AB5: Firstfruits | AC5: Arise & Build | AD5: CRMIC | AE5: Total
A6: Rehoboth | B6: 84 | C6: 93 | D6: 81 | E6: =SUM(B6:D6) -> 258 | F6: 57150 | G6: 25300 | H6: 0 | I6: 1500 | J6: 0 | K6: 0 | L6: 0 | M6: =SUM(F6:L6) -> 83950 | N6: 1 | O6: 2 | P6: 0 | Q6: 0 | R6: 0 | S6: 0 | T6: 0 | U6: 0 | V6: =SUM(S6:U6) -> 0 | W6: 0 | X6: 0 | Y6: 0 | Z6: 0 | AA6: =IF(SUM(W6:Z6)>0,AVERAGEIF(W6:Z6,"<>0"),"-") -> - | AB6: 0 | AC6: 0 | AD6: 0 | AE6: =SUM(AB6:AD6) -> 0
